{ "_id" : { "$oid" : "50873bd3f6353a1701000001" }, "table" : "_objectSettings", "page" : "settings", "name" : "id", "index" : "id", "label" : "Id", "title" : "System generated unique reference", "width" : "80", "align" : "left", "editable" : true, "edittype" : "text", "editoptions" : "", "editrules" : "", "hidden" : false, "order" : 1, "source" : "", "sourceCol" : "", "postData" : true }
{ "_id" : { "$oid" : "50873d90b4ac4fdc01000001" }, "align" : "left", "editable" : "true", "editoptions" : "", "editrules" : "{required:false}", "edittype" : "text", "hidden" : "true", "hidedlg" : "false", "id" : "PPGlZ_wTP5", "index" : "id", "label" : "Id", "name" : "id", "order" : 1, "page" : "settings", "postData" : "true", "record_status" : 1, "source" : "", "sourceCol" : "", "table" : "_objectSettings", "title" : "System generated unique reference", "width" : 80 }
{ "_id" : { "$oid" : "50873ef5b4ac4fdc01000002" }, "align" : "left", "editable" : "true", "editoptions" : "", "editrules" : "{required:true}", "edittype" : "text", "hidden" : "false", "hidedlg" : "false", "id" : "eeUNnPjeTf", "index" : "name", "label" : "Name", "name" : "name", "order" : 2, "page" : "settings", "postData" : "true", "record_status" : 1, "source" : "", "sourceCol" : "", "table" : "_objectSettings", "title" : "Required Field fore value reference", "width" : 80 }
{ "_id" : { "$oid" : "50873f3bb4ac4fdc01000003" }, "align" : "left", "editable" : true, "editoptions" : "", "editrules" : "{required:true}", "edittype" : "text", "hidden" : false, "id" : "PTF7aVHPVJ", "index" : "index", "label" : "Index", "name" : "index", "order" : 3, "page" : "settings", "postData" : true, "record_status" : 1, "source" : "", "sourceCol" : "", "table" : "_objectSettings", "title" : "Required Field for value sorting", "width" : 80 }
{ "_id" : { "$oid" : "50873f8ab4ac4fdc01000004" }, "align" : "left", "editable" : "true", "editoptions" : "", "editrules" : "{required:true}", "edittype" : "text", "hidden" : "false", "hidedlg" : "false", "id" : "TVvRJ5jTP5", "index" : "label", "label" : "Label", "name" : "label", "order" : 5, "page" : "settings", "postData" : "true", "record_status" : 1, "source" : "", "sourceCol" : "", "table" : "_objectSettings", "title" : "Required Field for Column Label", "width" : 100 }
{ "_id" : { "$oid" : "50874025b4ac4fdc01000005" }, "record_status" : 0 }
{ "_id" : { "$oid" : "5087406db4ac4fdc01000006" }, "align" : "center", "editable" : true, "editoptions" : "", "editrules" : "{required:true}", "edittype" : "text", "hidden" : false, "id" : "VebHs57VTJ", "index" : "width", "label" : "Width", "name" : "width", "order" : 6, "page" : "settings", "postData" : true, "record_status" : 1, "source" : "", "sourceCol" : "", "table" : "_objectSettings", "title" : "Required Field for Columns Width Setting", "width" : 70 }
{ "_id" : { "$oid" : "508740e4b4ac4fdc01000007" }, "align" : "center", "editable" : "true", "editoptions" : "{value:'left:left;right:right;center:center'}", "editrules" : "{required:true}", "edittype" : "select", "formatter" : "", "grouping" : "false", "hidden" : "false", "hidedlg" : "false", "id" : "Ve5qr5bTTJ", "index" : "align", "label" : "Align", "name" : "align", "order" : 7, "page" : "settings", "postData" : "true", "record_status" : 1, "source" : "", "sourceCol" : "", "table" : "_objectSettings", "title" : "Required Field for Columns Alignment Setting", "width" : 70 }
{ "_id" : { "$oid" : "508741c5b4ac4fdc01000008" }, "align" : "center", "editable" : true, "editoptions" : "{value:'true:true;false:false'}", "editrules" : "{required:true}", "edittype" : "select", "hidden" : false, "id" : "TTUQ7qHeTJ", "index" : "editable", "label" : "Edit", "name" : "editable", "order" : 8, "page" : "settings", "postData" : true, "record_status" : 1, "source" : "", "sourceCol" : "", "table" : "_objectSettings", "title" : "Required Field for Columns Editable Setting", "width" : 70 }
{ "_id" : { "$oid" : "5087429cb4ac4fdc01000009" }, "align" : "left", "editable" : "true", "editoptions" : "{value:'text:text;select:select;file:file;checbox:checkbox;button:button;textarea:textarea'}", "editrules" : "{required:true}", "edittype" : "select", "hidden" : "false", "hidedlg" : "false", "id" : "PP6GPU7PP5", "index" : "edittype", "label" : "Type", "name" : "edittype", "order" : 9, "page" : "settings", "postData" : "true", "record_status" : 1, "source" : "", "sourceCol" : "", "table" : "_objectSettings", "title" : "Required Field for Column Container Type", "width" : 80 }
{ "_id" : { "$oid" : "508742dfb4ac4fdc0100000a" }, "align" : "left", "editable" : "true", "editoptions" : "", "editrules" : "{required:false}", "edittype" : "text", "hidden" : "false", "hidedlg" : "false", "id" : "VVH-9E7VVJ", "index" : "editoptions", "label" : "Options", "name" : "editoptions", "order" : 10, "page" : "settings", "postData" : "true", "record_status" : 1, "source" : "", "sourceCol" : "", "table" : "_objectSettings", "title" : "Field for Column Container Select Type Options", "width" : 80 }
{ "_id" : { "$oid" : "50874313b4ac4fdc0100000b" }, "align" : "left", "editable" : true, "editoptions" : "", "editrules" : "{required:true}", "edittype" : "text", "hidden" : false, "id" : "PPwFKEjeVf", "index" : "editrules", "label" : "Rules", "name" : "editrules", "order" : 11, "page" : "settings", "postData" : true, "record_status" : 1, "source" : "", "sourceCol" : "", "table" : "_objectSettings", "title" : "Field for Column Rules", "width" : 80 }
{ "_id" : { "$oid" : "50874428b4ac4fdc0100000c" }, "align" : "left", "editable" : "true", "editoptions" : "{value:'false:false;true:true'}", "editrules" : "{required:true}", "edittype" : "select", "hidden" : "false", "hidedlg" : "false", "id" : "eeh2_UHeT5", "index" : "hidden", "label" : "Hidden", "name" : "hidden", "order" : 12, "page" : "settings", "postData" : "true", "record_status" : 1, "source" : "", "sourceCol" : "", "table" : "_objectSettings", "title" : "Field for Column Hiding", "width" : 80 }
{ "_id" : { "$oid" : "5087445eb4ac4fdc0100000d" }, "align" : "left", "editable" : true, "editoptions" : "", "editrules" : "{required:true}", "edittype" : "text", "hidden" : false, "id" : "eTVaJKjTT5", "index" : "order", "label" : "Order", "name" : "order", "order" : 13, "page" : "settings", "postData" : true, "record_status" : 1, "source" : "", "sourceCol" : "", "table" : "_objectSettings", "title" : "Field for Column Order", "width" : 80 }
{ "_id" : { "$oid" : "508744dbb4ac4fdc0100000e" }, "align" : "left", "editable" : true, "editoptions" : "", "editrules" : "{required:false}", "edittype" : "text", "hidden" : false, "id" : "eVeNAXHePM", "index" : "source", "label" : "Source", "name" : "source", "order" : 14, "page" : "settings", "postData" : true, "record_status" : 1, "source" : "", "sourceCol" : "", "table" : "_objectSettings", "title" : "Field for Column Source", "width" : 80 }
{ "_id" : { "$oid" : "5087451fb4ac4fdc0100000f" }, "align" : "left", "editable" : true, "editoptions" : "", "editrules" : "{required:false}", "edittype" : "text", "hidden" : false, "id" : "TTHwxB7TVJ", "index" : "sourceCol", "label" : "Source Column", "name" : "sourceCol", "order" : 15, "page" : "settings", "postData" : true, "record_status" : 1, "source" : "", "sourceCol" : "", "table" : "_objectSettings", "title" : "Field for Source Column", "width" : 80 }
{ "_id" : { "$oid" : "50874597b4ac4fdc01000010" }, "align" : "left", "editable" : true, "editoptions" : "{value:'true:true;false:false'}", "editrules" : "{required:true}", "edittype" : "select", "hidden" : false, "id" : "eVtJaBbVT5", "index" : "postData", "label" : "Post", "name" : "postData", "order" : 16, "page" : "settings", "postData" : true, "record_status" : 1, "source" : "", "sourceCol" : "", "table" : "_objectSettings", "title" : "Display Column in Page", "width" : 80 }
{ "_id" : { "$oid" : "508748989b667fb502000001" }, "align" : "left", "editable" : "true", "editoptions" : "", "editrules" : "{required:true}", "edittype" : "text", "grouping" : "true", "hidden" : "false", "hidedlg" : "false", "id" : "VeO9ND7PTM", "index" : "table", "label" : "Table", "name" : "table", "order" : 17, "page" : "settings", "postData" : "true", "record_status" : 1, "source" : "", "sourceCol" : "", "table" : "_objectSettings", "title" : "Table", "width" : 100 }
{ "_id" : { "$oid" : "508748d29b667fb502000002" }, "align" : "left", "editable" : "true", "editoptions" : "", "editrules" : "{required:true}", "edittype" : "text", "hidden" : "false", "hidedlg" : "false", "id" : "TTXAQAHeVf", "index" : "page", "label" : "Page", "name" : "page", "order" : 18, "page" : "settings", "postData" : "true", "record_status" : 1, "source" : "", "sourceCol" : "", "table" : "_objectSettings", "title" : "Page", "width" : 100 }
{ "_id" : { "$oid" : "50874a2d9b667fb502000003" }, "align" : "center", "editable" : "true", "editoptions" : "{value:'false:false;true:true'}", "editrules" : "{required:true}", "edittype" : "select", "hidden" : "false", "id" : "eeL_nbHTV5", "index" : "hidedlg", "label" : "hidedlg", "name" : "hidedlg", "order" : 19, "page" : "settings", "postData" : "true", "record_status" : 1, "source" : "", "sourceCol" : "", "table" : "_objectSettings", "title" : "Hide on View Edit and Delete", "width" : 100 }
{ "_id" : { "$oid" : "508757bf9abf2ab903000001" }, "align" : "left", "editable" : "true", "editoptions" : "", "editrules" : "{required:true}", "edittype" : "text", "hidden" : "false", "hidedlg" : "false", "id" : "PPvkEV8ePf", "index" : "elementName", "label" : "elementName", "name" : "elementName", "order" : 2, "page" : "settings", "postData" : "true", "record_status" : 1, "source" : "", "sourceCol" : "", "table" : "menu", "title" : "Menu Element Name", "width" : 120 }
{ "name" : "expanded", "index" : "expanded", "title" : "Automatic Expand to view child element, if exist", "label" : "expanded", "width" : 80, "align" : "center", "editable" : "true", "edittype" : "select", "editoptions" : "{value:'true:true;false:false'}", "editrules" : "{required:true}", "hidden" : "false", "order" : 3, "source" : "", "sourceCol" : "", "postData" : "true", "table" : "menu", "page" : "settings", "hidedlg" : "false", "id" : "Vej9hVhTP5", "record_status" : 1, "_id" : { "$oid" : "508758329abf2ab903000002" } }
{ "_id" : { "$oid" : "508758809abf2ab903000003" }, "align" : "left", "editable" : "true", "editoptions" : "", "editrules" : "{required:false}", "edittype" : "text", "hidden" : "false", "hidedlg" : "true", "id" : "PT7CnP4VVM", "index" : "id", "label" : "Id", "name" : "id", "order" : 1, "page" : "settings", "postData" : "true", "record_status" : 1, "source" : "", "sourceCol" : "", "table" : "menu", "title" : "Menu Id", "width" : 80 }
{ "_id" : { "$oid" : "508758f09abf2ab903000004" }, "align" : "left", "editable" : "true", "editoptions" : "", "editrules" : "{required:true}", "edittype" : "text", "hidden" : "false", "hidedlg" : "false", "id" : "eemz_e4eTM", "index" : "index", "label" : "index", "name" : "index", "order" : 7, "page" : "settings", "postData" : "true", "record_status" : 1, "source" : "", "sourceCol" : "", "table" : "menu", "title" : "index", "width" : 80 }
{ "_id" : { "$oid" : "508758f49abf2ab903000005" }, "align" : "center", "editable" : "true", "editoptions" : "{value:'true:true;false:false'}", "editrules" : "{required:true}", "edittype" : "select", "hidden" : "false", "hidedlg" : "false", "id" : "VTJ23P4VVf", "index" : "loaded", "label" : "loaded", "name" : "loaded", "order" : 6, "page" : "settings", "postData" : "true", "record_status" : 1, "source" : "", "sourceCol" : "", "table" : "menu", "title" : "loaded", "width" : 80 }
{ "_id" : { "$oid" : "508758f79abf2ab903000006" }, "align" : "center", "editable" : "true", "editoptions" : "", "editrules" : "{required:true}", "edittype" : "text", "hidden" : "false", "hidedlg" : "false", "id" : "eToS_P4Pe5", "index" : "level", "label" : "level", "name" : "level", "order" : 4, "page" : "settings", "postData" : "true", "record_status" : 1, "source" : "", "sourceCol" : "", "table" : "menu", "title" : "level", "width" : 80 }
{ "_id" : { "$oid" : "508758f89abf2ab903000007" }, "align" : "left", "editable" : "true", "editoptions" : "", "editrules" : "{required:false}", "edittype" : "text", "hidden" : "false", "hidedlg" : "false", "id" : "VTCarehVe5", "index" : "parent", "label" : "parent", "name" : "parent", "order" : 8, "page" : "settings", "postData" : "true", "record_status" : 1, "source" : "", "sourceCol" : "", "table" : "menu", "title" : "Record Id of the parent Node", "width" : 80 }
{ "_id" : { "$oid" : "508758f99abf2ab903000008" }, "align" : "left", "editable" : "true", "editoptions" : "{value:'true:true;false:false'}", "editrules" : "{required:true}", "edittype" : "select", "hidden" : "false", "hidedlg" : "false", "id" : "eVIQ_T4ePJ", "index" : "isLeaf", "label" : "isLeaf", "name" : "isLeaf", "order" : 5, "page" : "settings", "postData" : "true", "record_status" : 1, "source" : "", "sourceCol" : "", "table" : "menu", "title" : "isLeaf", "width" : 80 }
{ "_id" : { "$oid" : "50875c669abf2ab903000009" }, "align" : "left", "editable" : "true", "editoptions" : "", "editrules" : "{required:false}", "edittype" : "text", "formatter" : "link", "grouping" : "false", "hidden" : "false", "hidedlg" : "false", "id" : "TVIq9CWVef", "index" : "url", "label" : "url", "name" : "url", "order" : 9, "page" : "settings", "postData" : "true", "record_status" : 1, "source" : "", "sourceCol" : "", "table" : "menu", "title" : "url", "unformat" : "ulink", "width" : 200 }
{ "name" : "id", "index" : "id", "title" : "Users Identification", "label" : "ID", "width" : 80, "align" : "left", "editable" : "true", "edittype" : "text", "editoptions" : "", "editrules" : "{required:false}", "hidden" : "false", "order" : 1, "source" : "", "sourceCol" : "", "postData" : "true", "table" : "users", "page" : "profile", "hidedlg" : "true", "id" : "VeHDPwWPPM", "record_status" : 1, "_id" : { "$oid" : "50876105ec51eb6304000001" } }
{ "name" : "fname", "index" : "fname", "title" : "First Name", "label" : "First Name", "width" : 100, "align" : "left", "editable" : "true", "edittype" : "text", "editoptions" : "", "editrules" : "{required:true}", "hidden" : "false", "order" : 2, "source" : "", "sourceCol" : "", "postData" : "true", "table" : "users", "page" : "profile", "hidedlg" : "false", "id" : "PThqPv4TP5", "record_status" : 1, "_id" : { "$oid" : "508765ccec51eb6304000002" } }
{ "name" : "lname", "index" : "lname", "title" : "Last Name", "label" : "Last Name", "width" : 100, "align" : "left", "editable" : "true", "edittype" : "text", "editoptions" : "", "editrules" : "{required:true}", "hidden" : "false", "order" : 3, "source" : "", "sourceCol" : "", "postData" : "true", "table" : "users", "page" : "profile", "hidedlg" : "false", "id" : "eTGrJv8eVf", "record_status" : 1, "_id" : { "$oid" : "508765f9ec51eb6304000003" } }
{ "name" : "email", "index" : "email", "title" : "Email Address", "label" : "Email", "width" : 120, "align" : "left", "editable" : "true", "edittype" : "text", "editoptions" : "", "editrules" : "{required:true}", "hidden" : "false", "order" : 4, "source" : "", "sourceCol" : "", "postData" : "true", "table" : "users", "page" : "profile", "hidedlg" : "false", "id" : "ePosKz4VPf", "record_status" : 1, "_id" : { "$oid" : "5087663fec51eb6304000004" } }
{ "name" : "mobile", "index" : "mobile", "title" : "Mobile Phone", "label" : "Mobile", "width" : 100, "align" : "left", "editable" : "true", "edittype" : "text", "editoptions" : "", "editrules" : "{required:false}", "hidden" : "false", "order" : 5, "source" : "", "sourceCol" : "", "postData" : "true", "table" : "users", "page" : "profile", "hidedlg" : "false", "id" : "Vef5WzhTV5", "record_status" : 1, "_id" : { "$oid" : "50876696ec51eb6304000005" } }
{ "name" : "empNo", "index" : "empNo", "title" : "Employee No.", "label" : "Employee No.", "width" : 100, "align" : "center", "editable" : "true", "edittype" : "text", "editoptions" : "", "editrules" : "{required:false}", "hidden" : "false", "order" : 6, "source" : "", "sourceCol" : "", "postData" : "true", "table" : "users", "page" : "profile", "hidedlg" : "false", "id" : "VTzFnzheeM", "record_status" : 1, "_id" : { "$oid" : "508766faec51eb6304000006" } }
{ "name" : "username", "index" : "username", "title" : "Login User Name", "label" : "User Name", "width" : 100, "align" : "left", "editable" : "true", "edittype" : "text", "editoptions" : "", "editrules" : "{required:true}", "hidden" : "false", "order" : 7, "source" : "", "sourceCol" : "", "postData" : "true", "table" : "users", "page" : "profile", "hidedlg" : "false", "id" : "VeNE_R4VTJ", "record_status" : 1, "_id" : { "$oid" : "5087674dec51eb6304000007" } }
{ "name" : "level", "index" : "level", "title" : "User Level", "label" : "Level", "width" : 100, "align" : "left", "editable" : "true", "edittype" : "select", "editoptions" : "{value:'Level 1:Level 1;Level 2:Level 2;Level 3:Level 3;Level 4:Level 4'}", "editrules" : "{required:true}", "hidden" : "false", "order" : 8, "source" : "", "sourceCol" : "", "postData" : "true", "table" : "users", "page" : "profile", "hidedlg" : "false", "id" : "VegCBkhVVf", "record_status" : 1, "_id" : { "$oid" : "508767cdec51eb6304000008" } }
{ "name" : "last_login", "index" : "last_login", "title" : "Last Visit or Login", "label" : "Last Login", "width" : 120, "align" : "left", "editable" : "false", "edittype" : "text", "editoptions" : "", "editrules" : "{required:false}", "hidden" : "false", "order" : 9, "source" : "", "sourceCol" : "", "postData" : "true", "table" : "users", "page" : "profile", "hidedlg" : "false", "id" : "PPVzbkhPeM", "record_status" : 1, "_id" : { "$oid" : "50876823ec51eb6304000009" } }
{ "_id" : { "$oid" : "50877b30f0f3a1d705000001" }, "align" : "center", "editable" : "true", "editoptions" : "{enctype:'multipart/form-data'}", "editrules" : "{required:false}", "edittype" : "file", "formatter" : "image", "grouping" : "false", "hidden" : "false", "hidedlg" : "false", "id" : "VVp5AAxTTM", "index" : "photo", "label" : "Photo", "name" : "photo", "order" : 10, "page" : "profile", "postData" : "true", "record_status" : 1, "source" : "", "sourceCol" : "", "table" : "users", "title" : "User's Photo", "unformat" : "uimage", "width" : 100 }
{ "_id" : { "$oid" : "5088ce5ea317422e07000001" }, "align" : "left", "editable" : "true", "editoptions" : "{value:'false:false;true:true'}", "editrules" : "{required:false}", "edittype" : "select", "grouping" : "", "hidden" : "false", "hidedlg" : "false", "id" : "VVBagsAMeM", "index" : "grouping", "label" : "Grouping", "name" : "grouping", "order" : 20, "page" : "settings", "postData" : "true", "record_status" : 1, "source" : "", "sourceCol" : "", "table" : "_objectSettings", "title" : "grouping", "width" : 100 }
{ "_id" : { "$oid" : "5088d42b521bbc8f07000001" }, "align" : "left", "editable" : "true", "editoptions" : "{value:'image:image;link:link;:none'}", "editrules" : "{required:false}", "edittype" : "select", "grouping" : "false", "hidden" : "false", "hidedlg" : "false", "id" : "TTG-rYAMe5", "index" : "formatter", "label" : "Formatter", "name" : "formatter", "order" : 21, "page" : "settings", "postData" : "true", "record_status" : 1, "source" : "", "sourceCol" : "", "table" : "_objectSettings", "title" : "formatter", "width" : 100 }
{ "name" : "immediate", "index" : "immediate", "title" : "Immediate Superior", "label" : "Immediate Sup", "width" : 120, "align" : "left", "editable" : "true", "edittype" : "select", "editoptions" : "", "editrules" : "{required:false}", "hidden" : "false", "order" : 11, "source" : "users", "sourceCol" : "username", "postData" : "true", "table" : "users", "page" : "profile", "hidedlg" : "false", "grouping" : "false", "formatter" : "", "id" : "PTZ4RjMqPM", "record_status" : 1, "_id" : { "$oid" : "5089e3890858d24e02000001" } }
{ "_id" : { "$oid" : "5089fef38796a40d01000003" }, "align" : "left", "editable" : "false", "editoptions" : "", "editrules" : "{required:false}", "edittype" : "text", "formatter" : "", "grouping" : "false", "hidden" : "false", "hidedlg" : "false", "id" : "TeBon499PM", "index" : "id", "label" : "Id", "name" : "id", "order" : 1, "page" : "so", "postData" : "true", "record_status" : 1, "source" : "", "sourceCol" : "", "table" : "transaction", "title" : "System Record Identification Code", "width" : 80 }
{ "name" : "soNo", "index" : "soNo", "title" : "Sales Order No.", "label" : "SO No.", "width" : 100, "align" : "center", "editable" : "true", "edittype" : "text", "editoptions" : "", "editrules" : "{required:true}", "hidden" : "false", "order" : 2, "source" : "", "sourceCol" : "", "postData" : "true", "table" : "transaction", "page" : "so", "hidedlg" : "false", "grouping" : "false", "formatter" : "", "id" : "VeBDIJmiV5", "record_status" : 1, "_id" : { "$oid" : "508a0d9e644bf49902000001" } }
{ "name" : "type", "index" : "type", "title" : "Transaction Type", "label" : "Type", "width" : 100, "align" : "left", "editable" : "true", "edittype" : "select", "editoptions" : "{value:'Normal Sales:Normal Sales;Consigment:Consignment'}", "editrules" : "{required:true}", "hidden" : "false", "order" : 3, "source" : "", "sourceCol" : "", "postData" : "true", "table" : "transaction", "page" : "so", "hidedlg" : "false", "grouping" : "false", "formatter" : "", "id" : "TVZcLiCief", "record_status" : 1, "_id" : { "$oid" : "508a0ed9644bf49902000002" } }
{ "name" : "customer", "index" : "customer", "title" : "Customer Name", "label" : "Customer", "width" : 150, "align" : "left", "editable" : "true", "edittype" : "select", "editoptions" : "", "editrules" : "{required:true}", "hidden" : "false", "order" : 4, "source" : "customer", "sourceCol" : "customerName", "postData" : "true", "table" : "transaction", "page" : "so", "hidedlg" : "false", "grouping" : "false", "formatter" : "", "id" : "VTAb-OEqe5", "record_status" : 1, "_id" : { "$oid" : "508a0f3a644bf49902000003" } }
{ "name" : "id", "index" : "id", "title" : "System Generated Record Identification", "label" : "Id", "width" : 80, "align" : "left", "editable" : "true", "edittype" : "text", "editoptions" : "", "editrules" : "{required:false}", "hidden" : "false", "order" : 1, "source" : "", "sourceCol" : "", "postData" : "true", "table" : "customer", "page" : "profile", "hidedlg" : "false", "grouping" : "false", "formatter" : "", "id" : "ePHL9ECOV5", "record_status" : 1, "_id" : { "$oid" : "508a0fa5644bf49902000004" } }
{ "_id" : { "$oid" : "508a0ffe644bf49902000005" }, "align" : "left", "editable" : "true", "editoptions" : "", "editrules" : "{required:true}", "edittype" : "text", "formatter" : "", "grouping" : "false", "hidden" : "false", "hidedlg" : "false", "id" : "VVJ9wCmOef", "index" : "customerName", "label" : "Customer Name", "name" : "customerName", "order" : 4, "page" : "profile", "postData" : "true", "record_status" : 1, "source" : "", "sourceCol" : "", "table" : "customer", "title" : "Customer Name, Must be unique", "unformat" : "", "width" : 120 }
{ "name" : "unformat", "index" : "unformat", "title" : "Return to Original Form for Edit and Add", "label" : "unformat", "width" : 120, "align" : "left", "editable" : "true", "edittype" : "select", "editoptions" : "{value:':none;uimage:image;ulink:link'}", "editrules" : "{required:false}", "hidden" : "false", "order" : 22, "source" : "", "sourceCol" : "", "postData" : "true", "table" : "_objectSettings", "page" : "settings", "hidedlg" : "false", "grouping" : "false", "formatter" : "", "id" : "PVdh_HEOVJ", "record_status" : 1, "_id" : { "$oid" : "508a1755c252761e03000002" } }
{ "name" : "inventoryLocation", "index" : "inventoryLocation", "title" : "Inventory Location where the ordered item will be deducted", "label" : "Inv Location", "width" : 120, "align" : "left", "editable" : "true", "edittype" : "select", "editoptions" : "", "editrules" : "{required:true}", "hidden" : "false", "order" : 5, "source" : "location", "sourceCol" : "locationName", "postData" : "true", "table" : "transaction", "page" : "so", "hidedlg" : "false", "grouping" : "false", "formatter" : "", "unformat" : "", "id" : "VPFbe2mqe5", "record_status" : 1, "_id" : { "$oid" : "508a1dd49708286c03000004" } }
{ "name" : "category", "index" : "category", "title" : "Customer Category", "label" : "Category", "width" : 120, "align" : "left", "editable" : "true", "edittype" : "select", "editoptions" : "{value:'Corporate:Corporate'}", "editrules" : "{required:true}", "hidden" : "false", "order" : 2, "source" : "", "sourceCol" : "", "postData" : "true", "table" : "customer", "page" : "profile", "hidedlg" : "false", "grouping" : "false", "formatter" : "", "unformat" : "", "id" : "TVeuSrGqVM", "record_status" : 1, "_id" : { "$oid" : "508a3d8381491a3f01000001" } }
{ "name" : "type", "index" : "type", "title" : "Customer Type", "label" : "Type", "width" : 120, "align" : "left", "editable" : "true", "edittype" : "select", "editoptions" : "{value:'Professional:Professional;Retail:Retail'}", "editrules" : "{required:true}", "hidden" : "false", "order" : 3, "source" : "", "sourceCol" : "", "postData" : "true", "table" : "customer", "page" : "profile", "hidedlg" : "false", "grouping" : "false", "formatter" : "image", "unformat" : "", "id" : "VTXq5egqef", "record_status" : 1, "_id" : { "$oid" : "508a3de581491a3f01000002" } }
{ "name" : "id", "index" : "id", "title" : "System Unique Identifier for Routing", "label" : "Id", "width" : 80, "align" : "left", "editable" : "true", "edittype" : "text", "editoptions" : "", "editrules" : "{required:false}", "hidden" : "false", "order" : 1, "source" : "", "sourceCol" : "", "postData" : "true", "table" : "routing", "page" : "settings", "hidedlg" : "false", "grouping" : "false", "formatter" : "", "unformat" : "", "id" : "TTfL-9piTJ", "record_status" : 1, "_id" : { "$oid" : "508a427181491a3f01000003" } }
{ "_id" : { "$oid" : "508a42eb81491a3f01000004" }, "align" : "left", "editable" : "true", "editoptions" : "", "editrules" : "{required:true}", "edittype" : "select", "formatter" : "", "grouping" : "false", "hidden" : "false", "hidedlg" : "false", "id" : "TebDEUyieM", "index" : "table", "label" : "Table", "name" : "table", "order" : 2, "page" : "settings", "postData" : "true", "record_status" : 1, "source" : "_objectSettings", "sourceCol" : "table", "table" : "routing", "title" : "Table that needs to be route to comple information", "unformat" : "", "width" : 100 }
{ "name" : "page", "index" : "page", "title" : "Page that is to be routed", "label" : "Page", "width" : 100, "align" : "left", "editable" : "true", "edittype" : "select", "editoptions" : "", "editrules" : "{required:true}", "hidden" : "false", "order" : 3, "source" : "_objectSettings", "sourceCol" : "page", "postData" : "true", "table" : "routing", "page" : "settings", "hidedlg" : "false", "grouping" : "false", "formatter" : "", "unformat" : "", "id" : "VVBjbUpOT5", "record_status" : 1, "_id" : { "$oid" : "508a435381491a3f01000005" } }
{ "_id" : { "$oid" : "508afe452c5b669c03000001" }, "align" : "left", "editable" : "true", "editoptions" : "{value:'add:add;edit:edit;del:del;view:view;aprrove:approve;void:void;print:print'}", "editrules" : "{required:false}", "edittype" : "select", "formatter" : "", "grouping" : "false", "hidden" : "false", "hidedlg" : "false", "id" : "TTmaB42qP5", "index" : "action", "label" : "Action", "name" : "action", "order" : 4, "page" : "settings", "postData" : "true", "record_status" : 1, "source" : "", "sourceCol" : "", "table" : "routing", "title" : "Valid Action to a given page", "unformat" : "", "width" : 100 }
{ "name" : "precondition", "index" : "precondition", "title" : "Preset Condition given to grant update", "label" : "Pre-Condition", "width" : 120, "align" : "left", "editable" : "true", "edittype" : "text", "editoptions" : "", "editrules" : "{required:false}", "hidden" : "false", "order" : 5, "source" : "", "sourceCol" : "", "postData" : "true", "table" : "routing", "page" : "settings", "hidedlg" : "false", "grouping" : "false", "formatter" : "", "unformat" : "", "id" : "PTdPth0ieM", "record_status" : 1, "_id" : { "$oid" : "508afee22c5b669c03000002" } }
{ "name" : "postCondition", "index" : "postCondition", "title" : "Post Condition to filter and avoid redundant action action", "label" : "Post Condition", "width" : 120, "align" : "left", "editable" : "true", "edittype" : "text", "editoptions" : "", "editrules" : "{required:false}", "hidden" : "false", "order" : 6, "source" : "", "sourceCol" : "", "postData" : "true", "table" : "routing", "page" : "settings", "hidedlg" : "false", "grouping" : "false", "formatter" : "", "unformat" : "", "id" : "TPxmVz0qTf", "record_status" : 1, "_id" : { "$oid" : "508aff672c5b669c03000003" } }
{ "name" : "id", "index" : "id", "label" : "id", "width" : 80, "align" : "left", "editable" : "true", "edittype" : "text", "editoptions" : "", "editrules" : "{required:false}", "hidden" : "false", "order" : 1, "source" : "", "sourceCol" : "", "postData" : "true", "table" : "transaction", "page" : "dr", "hidedlg" : "false", "grouping" : "false", "formatter" : "", "unformat" : "", "id" : "TeuHqs5CP5", "record_status" : 1, "_id" : { "$oid" : "508b813a452f732001000001" } }
{ "name" : "drNo", "index" : "drNo", "label" : "D.R. No.", "width" : 120, "align" : "left", "editable" : "true", "edittype" : "text", "editoptions" : "", "editrules" : "{required:true}", "hidden" : "false", "order" : 2, "source" : "", "sourceCol" : "", "postData" : "true", "table" : "transaction", "page" : "dr", "hidedlg" : "false", "grouping" : "false", "formatter" : "", "unformat" : "", "id" : "VVsEucMCVf", "record_status" : 1, "_id" : { "$oid" : "508b8181452f732001000002" } }
{ "name" : "id", "index" : "id", "label" : "Id", "width" : 80, "align" : "left", "editable" : "true", "edittype" : "text", "editoptions" : "", "editrules" : "{required:false}", "hidden" : "false", "order" : 1, "source" : "", "sourceCol" : "", "postData" : "true", "table" : "transaction", "page" : "payment", "hidedlg" : "false", "grouping" : "false", "formatter" : "", "unformat" : "", "id" : "Vej6tsMmVf", "record_status" : 1, "_id" : { "$oid" : "508b8227452f732001000004" } }
