{ "_id" : { "$oid" : "50814d541256ba2d04000001" }, "elementName" : "Home", "expanded" : "false", "id" : "VPJhtxn2_", "index" : 1, "isLeaf" : "true", "level" : 0, "loaded" : "true", "parent" : "", "record_status" : 1, "url" : "/" }
{ "_id" : { "$oid" : "50814daf1256ba2d04000002" }, "elementName" : "Administration", "expanded" : "false", "id" : "TeLV_x6Nr", "index" : 2, "isLeaf" : "false", "level" : 0, "loaded" : "true", "parent" : "", "record_status" : 1, "url" : "" }
{ "_id" : { "$oid" : "50814dea1256ba2d04000003" }, "elementName" : "Users", "expanded" : "false", "id" : "eP2y5Ln0F", "index" : 2.3, "isLeaf" : "false", "level" : 1, "loaded" : "true", "parent" : "TeLV_x6Nr", "record_status" : 1, "url" : "" }
{ "_id" : { "$oid" : "50814e3b1256ba2d04000004" }, "elementName" : "Products", "expanded" : "false", "id" : "TThhXcoN_", "index" : 2.1, "isLeaf" : "false", "level" : 1, "loaded" : "true", "parent" : "TeLV_x6Nr", "record_status" : 1, "url" : "" }
{ "_id" : { "$oid" : "50814e761256ba2d04000005" }, "elementName" : "Customers", "expanded" : "false", "id" : "PPCSALt1_", "index" : 2.2, "isLeaf" : "false", "level" : 1, "loaded" : "true", "parent" : "TeLV_x6Nr", "record_status" : 1, "url" : "" }
{ "_id" : { "$oid" : "508362c7760b257504000001" }, "elementName" : "Tables", "expanded" : "false", "id" : "VVSFMHTI_", "index" : 3.2, "isLeaf" : "true", "level" : 1, "loaded" : "true", "parent" : "PVoaedDr3", "record_status" : 1, "url" : "/page/_objectSettings/settings" }
{ "_id" : { "$oid" : "508493fa28edebc602000002" }, "elementName" : "Menus", "expanded" : "false", "id" : "TTA_Zg1a3", "index" : 3.1, "isLeaf" : "true", "level" : 1, "loaded" : "true", "parent" : "PVoaedDr3", "record_status" : 1, "url" : "/page/menu/settings" }
{ "_id" : { "$oid" : "50858e5617168340880dccba" }, "record_status" : 0 }
{ "_id" : { "$oid" : "50858e6217168340880dccbb" }, "record_status" : 0 }
{ "_id" : { "$oid" : "50858e7017168340880dccbc" }, "record_status" : 0 }
{ "_id" : { "$oid" : "50858e8517168340880dccbd" }, "record_status" : 0 }
{ "_id" : { "$oid" : "5085944566067aa001000005" }, "elementName" : "Settings", "expanded" : "false", "id" : "PVoaedDr3", "index" : 3, "isLeaf" : "false", "level" : 0, "loaded" : "true", "parent" : "", "record_status" : 1, "url" : "" }
{ "_id" : { "$oid" : "508598c58a1beb4702000001" }, "elementName" : "Levels", "expanded" : "false", "id" : "TTcQY8D33", "index" : 2.4, "isLeaf" : "false", "level" : 1, "loaded" : "true", "parent" : "TeLV_x6Nr", "record_status" : 1, "url" : "" }
{ "_id" : { "$oid" : "5087739f007e2e9c05000001" }, "elementName" : "Permission", "expanded" : "false", "id" : "VeSdkfxeVJ", "index" : 2.5, "isLeaf" : "true", "level" : 2, "loaded" : "true", "parent" : "TTcQY8D33", "record_status" : 1, "url" : "/page/level/permission" }
{ "_id" : { "$oid" : "5087752c007e2e9c05000002" }, "elementName" : "Profile", "expanded" : "true", "id" : "PPoIvOveT5", "index" : 2.31, "isLeaf" : "true", "level" : 2, "loaded" : "true", "parent" : "eP2y5Ln0F", "record_status" : 1, "url" : "/page/users/profile" }
{ "elementName" : "Transaction", "expanded" : "false", "level" : 0, "isLeaf" : "false", "loaded" : "true", "index" : 4, "parent" : "", "url" : "", "id" : "ePbT-jO9Vf", "record_status" : 1, "_id" : { "$oid" : "5089fd958796a40d01000001" } }
{ "_id" : { "$oid" : "5089fe528796a40d01000002" }, "elementName" : "Sales Order", "expanded" : "true", "id" : "VeZdyWOOTM", "index" : 4.1, "isLeaf" : "true", "level" : 1, "loaded" : "true", "parent" : "ePbT-jO9Vf", "record_status" : 1, "url" : "/page/transaction/so" }
{ "elementName" : "Profile", "expanded" : "true", "level" : 2, "isLeaf" : "true", "loaded" : "true", "index" : 2.21, "parent" : "PPCSALt1_", "url" : "/page/customer/profile", "id" : "PVR24DU9P5", "record_status" : 1, "_id" : { "$oid" : "508a150fc252761e03000001" } }
{ "elementName" : "Profile", "expanded" : "false", "level" : 2, "isLeaf" : "true", "loaded" : "true", "index" : 2.11, "parent" : "TThhXcoN_", "url" : "/page/product/profile", "id" : "TeYT6xm9PJ", "record_status" : 1, "_id" : { "$oid" : "508a1a169708286c03000001" } }
{ "elementName" : "Delivery Receipt", "expanded" : "true", "level" : 1, "isLeaf" : "true", "loaded" : "true", "index" : 4.2, "parent" : "ePbT-jO9Vf", "url" : "/page/transaction/dr", "id" : "PTBlnkUOV5", "record_status" : 1, "_id" : { "$oid" : "508a1bc39708286c03000002" } }
{ "elementName" : "Sales Invoice", "expanded" : "true", "level" : 1, "isLeaf" : "true", "loaded" : "true", "index" : 4.3, "parent" : "ePbT-jO9Vf", "url" : "/page/transaction/si", "id" : "VeRUYLEqVJ", "record_status" : 1, "_id" : { "$oid" : "508a1be79708286c03000003" } }
{ "elementName" : "Routing", "expanded" : "true", "level" : 1, "isLeaf" : "true", "loaded" : "true", "index" : 3.3, "parent" : "PVoaedDr3", "url" : "/page/routing/settings", "id" : "PT4dkCpqPJ", "record_status" : 1, "_id" : { "$oid" : "508a439f81491a3f01000006" } }
{ "elementName" : "Payment", "expanded" : "true", "level" : 1, "isLeaf" : "true", "loaded" : "true", "index" : 4.4, "parent" : "ePbT-jO9Vf", "url" : "/page/transaction/payment", "id" : "ePx9hLfCP5", "record_status" : 1, "_id" : { "$oid" : "508b81cc452f732001000003" } }
