{ "_id" : { "$oid" : "50b57300841206db04000001" }, "formula" : "((price/(1.12))*(1-(discount/100))* quantity * 0.12)", "id" : "ePJCBMglJf", "innercontent" : "", "name" : "vat", "page" : "order", "record_status" : 1, "settings_created_by" : "chito", "settings_created_on" : "Wed Nov 28 2012 10:12:16 GMT+0800 (PHT)", "settings_updated_by" : "chito", "settings_updated_on" : "Wed Nov 28 2012 14:11:28 GMT+0800 (PHT)", "subdata" : "order_details", "table" : "sales" }
{ "_id" : { "$oid" : "50b5a82fc0e9d8bc06000001" }, "formula" : "(((price * quantity) - ((price/(1.12))*(1-(discount/100))* quantity * 0.12)) - (price*(discount/100)*quantity))", "id" : "PVleWOjZMJ", "innercontent" : "", "name" : "total", "page" : "order", "record_status" : 1, "settings_created_by" : "chito", "settings_created_on" : "Wed Nov 28 2012 13:59:11 GMT+0800 (PHT)", "settings_updated_by" : "chito", "settings_updated_on" : "Wed Nov 28 2012 14:11:42 GMT+0800 (PHT)", "subdata" : "order_details", "table" : "sales" }
{ "_id" : { "$oid" : "50b5ac9fc0e9d8bc06000002" }, "formula" : "total", "id" : "TT1DXyHlM5", "innercontent" : "order_details", "name" : "sototal", "page" : "order", "record_status" : 1, "settings_created_by" : "chito", "settings_created_on" : "Wed Nov 28 2012 14:18:07 GMT+0800 (PHT)", "settings_updated_by" : "chito", "settings_updated_on" : "Wed Nov 28 2012 14:39:11 GMT+0800 (PHT)", "subdata" : "", "table" : "sales" }
{ "_id" : { "$oid" : "50b5cc928b88507f722ed2f2" }, "formula" : "vat", "id" : "TekIEx4Z55", "innercontent" : "order_details", "name" : "sovat", "page" : "order", "record_status" : 1, "settings_created_by" : "chito", "settings_created_on" : "Wed Nov 28 2012 16:34:26 GMT+0800 (PHT)", "settings_updated_by" : "chito", "subdata" : "", "table" : "sales" }
{ "_id" : { "$oid" : "50bbc4a35a765411261627ce" }, "formula" : "((1 - (discount/100))*price*quantity)", "id" : "PVEzBXGf95", "innercontent" : "", "name" : "sales", "page" : "order", "record_status" : 1, "settings_created_by" : "chito", "settings_created_on" : "Mon Dec 03 2012 05:14:11 GMT+0800 (PHT)", "settings_updated_by" : "chito", "settings_updated_on" : "Mon Dec 03 2012 05:32:24 GMT+0800 (PHT)", "subdata" : "order_details", "table" : "sales" }
{ "_id" : { "$oid" : "50bbc5a75a765411261627cf" }, "formula" : "sales", "id" : "een6aKK59M", "innercontent" : "order_details", "name" : "sosales", "page" : "order", "record_status" : 1, "settings_created_by" : "chito", "settings_created_on" : "Mon Dec 03 2012 05:18:31 GMT+0800 (PHT)", "settings_updated_by" : "chito", "subdata" : "", "table" : "sales" }
