{ "_id" : { "$oid" : "5090ad184661193601000008" }, "action" : "add", "id" : "PegOzuuwPJ", "name" : "Developer", "page" : "profile", "record_status" : 1, "table" : "users" }
{ "_id" : { "$oid" : "5090adc14661193601000009" }, "action" : "edit", "id" : "PPYtrgydV5", "name" : "Developer", "page" : "profile", "record_status" : 1, "table" : "users" }
{ "_id" : { "$oid" : "5090adcf466119360100000a" }, "action" : "del", "id" : "PPPyTwgde5", "name" : "Developer", "page" : "profile", "record_status" : 1, "table" : "users" }
{ "name" : "Developer", "page" : "permission", "action" : "add", "table" : "level", "id" : "TT0DqwAseM", "record_status" : 1, "_id" : { "$oid" : "50972e068f641e5a05000001" } }
{ "name" : "Developer", "page" : "permission", "action" : "edit", "table" : "level", "id" : "PT8WCADsVf", "record_status" : 1, "_id" : { "$oid" : "50972e228f641e5a05000002" } }
{ "name" : "Developer", "page" : "permission", "action" : "del", "table" : "level", "id" : "VVbVKwwsVM", "record_status" : 1, "_id" : { "$oid" : "50972e2f8f641e5a05000003" } }
{ "_id" : { "$oid" : "50972ee58f641e5a05000004" }, "action" : "edit", "id" : "eVb9tDwcTM", "name" : "Developer", "page" : "profile", "record_status" : 1, "table" : "users" }
{ "_id" : { "$oid" : "50972f0d8f641e5a05000005" }, "action" : "edit", "id" : "PT761AwLV5", "name" : "Developer", "page" : "settings", "record_status" : 1, "table" : "_objectSettings" }
{ "name" : "Developer", "page" : "settings", "action" : "add", "table" : "_objectSettings", "id" : "VVIFusDsVf", "record_status" : 1, "_id" : { "$oid" : "509734c78f641e5a05000006" } }
{ "name" : "Developer", "page" : "settings", "action" : "add", "table" : "routing", "id" : "TPa21LwLeM", "record_status" : 1, "_id" : { "$oid" : "509735768f641e5a05000007" } }
{ "name" : "Developer", "page" : "settings", "action" : "edit", "table" : "routing", "id" : "ePsySsdLe5", "record_status" : 1, "_id" : { "$oid" : "509735848f641e5a05000008" } }
{ "name" : "Developer", "page" : "settings", "action" : "del", "table" : "routing", "id" : "TViFYcAcPM", "record_status" : 1, "_id" : { "$oid" : "509735938f641e5a05000009" } }
{ "_id" : { "$oid" : "50973b228f641e5a0500000a" }, "action" : "del", "id" : "ePA8yIDsVJ", "name" : "Developer", "page" : "settings", "record_status" : 1, "table" : "_objectSettings" }
{ "_id" : { "$oid" : "50973b3e8f641e5a0500000b" }, "record_status" : 0 }
{ "name" : "Developer", "page" : "settings", "action" : "add", "table" : "menu", "id" : "TVn9a3ALeJ", "record_status" : 1, "_id" : { "$oid" : "50973d998f641e5a0500000c" } }
{ "name" : "Developer", "page" : "settings", "action" : "edit", "table" : "menu", "id" : "TVGHI_dcVf", "record_status" : 1, "_id" : { "$oid" : "50973da08f641e5a0500000d" } }
{ "name" : "Developer", "page" : "settings", "action" : "del", "table" : "menu", "id" : "Ves1aFAkVJ", "record_status" : 1, "_id" : { "$oid" : "50973da88f641e5a0500000e" } }
{ "name" : "Developer", "page" : "settings", "action" : "del", "table" : "menu", "id" : "eTkm33ALPM", "record_status" : 1, "_id" : { "$oid" : "50973db48f641e5a0500000f" } }
{ "_id" : { "$oid" : "509750128f641e5a0500001b" }, "action" : "edit", "id" : "PT2ad6jkPM", "name" : "Developer", "page" : "profile", "permission_updated_by" : "chito", "permission_updated_on" : "Mon Nov 26 2012 06:12:47 GMT+0800 (PHT)", "record_status" : 0, "table" : "customer", "undefined" : 11 }
{ "_id" : { "$oid" : "5097501a8f641e5a0500001c" }, "action" : "edit", "id" : "PTZUH6HcPJ", "name" : "Developer", "page" : "profile", "permission_updated_by" : "chito", "permission_updated_on" : "Mon Nov 26 2012 06:12:47 GMT+0800 (PHT)", "record_status" : 0, "table" : "customer" }
{ "_id" : { "$oid" : "509750238f641e5a0500001d" }, "action" : "del", "id" : "TVuR7nHLeM", "name" : "Developer", "page" : "profile", "permission_updated_by" : "chito", "permission_updated_on" : "Mon Nov 26 2012 07:29:55 GMT+0800 (PHT)", "record_status" : 1, "table" : "customer", "viewtype" : "View All" }
{ "name" : "Developer", "page" : "settings", "action" : "add", "table" : "discount", "id" : "TTXjjQhLeJ", "record_status" : 1, "_id" : { "$oid" : "50976e86e097b3440a000001" } }
{ "name" : "Developer", "page" : "settings", "action" : "edit", "table" : "discount", "id" : "VeVY7a8kPM", "record_status" : 1, "_id" : { "$oid" : "50976e8fe097b3440a000002" } }
{ "name" : "Developer", "page" : "settings", "action" : "del", "table" : "discount", "id" : "TVXChI4LP5", "record_status" : 1, "_id" : { "$oid" : "50976e99e097b3440a000003" } }
{ "name" : "Developer", "page" : "settings", "action" : "edit", "table" : "users", "id" : "VVDVyV5oVJ", "record_status" : 1, "_id" : { "$oid" : "50983e486a4ed31401000002" } }
{ "_id" : { "$oid" : "509847e4507c47a501000001" }, "action" : "add", "id" : "Pe2MpdJ6P5", "name" : "Developer", "page" : "address", "permission_updated_by" : "chito", "permission_updated_on" : "Mon Nov 26 2012 06:04:57 GMT+0800 (PHT)", "record_status" : 0, "table" : "customer" }
{ "_id" : { "$oid" : "509847ed507c47a501000002" }, "action" : "add", "id" : "VeUbgAftVM", "name" : "Developer", "page" : "profile", "permission_updated_by" : "chito", "permission_updated_on" : "Mon Nov 26 2012 07:05:16 GMT+0800 (PHT)", "record_status" : 1, "table" : "customer", "undefined" : 27, "viewtype" : "View All" }
{ "_id" : { "$oid" : "50984875507c47a501000003" }, "action" : "edit", "id" : "TP7NsAfnT5", "name" : "Developer", "page" : "address", "permission_updated_by" : "chito", "permission_updated_on" : "Mon Nov 26 2012 06:04:57 GMT+0800 (PHT)", "record_status" : 0, "table" : "customer" }
{ "_id" : { "$oid" : "50984885507c47a501000004" }, "action" : "edit", "id" : "TTCwtwJnTM", "name" : "Developer", "page" : "address", "permission_updated_by" : "chito", "permission_updated_on" : "Mon Nov 26 2012 06:04:57 GMT+0800 (PHT)", "record_status" : 0, "table" : "customer" }
{ "_id" : { "$oid" : "509848df507c47a501000005" }, "action" : "edit", "id" : "PPbQQA5nTJ", "name" : "Developer", "page" : "profile", "permission_updated_by" : "chito", "permission_updated_on" : "Mon Nov 26 2012 07:30:01 GMT+0800 (PHT)", "record_status" : 1, "table" : "customer", "undefined" : 20, "viewtype" : "View All" }
{ "name" : "Developer", "page" : "profile", "action" : "add", "table" : "product", "id" : "TTBJVjf6T5", "record_status" : 1, "_id" : { "$oid" : "509848fd507c47a501000006" } }
{ "name" : "Developer", "page" : "profile", "action" : "edit", "table" : "product", "id" : "eTaAeHJ6Tf", "record_status" : 1, "_id" : { "$oid" : "50984906507c47a501000007" } }
{ "name" : "Developer", "page" : "profile", "action" : "del", "table" : "product", "id" : "Pe6tebMte5", "record_status" : 1, "_id" : { "$oid" : "5098490d507c47a501000008" } }
{ "name" : "Developer", "page" : "settings", "action" : "edit", "table" : "product", "id" : "TVSefj56ef", "record_status" : 1, "_id" : { "$oid" : "50984916507c47a501000009" } }
{ "name" : "Developer", "page" : "profile", "action" : "add", "table" : "supplier", "id" : "PTbL8xM6Pf", "record_status" : 1, "_id" : { "$oid" : "50984d0b507c47a501000011" } }
{ "name" : "Developer", "page" : "profile", "action" : "edit", "table" : "supplier", "id" : "TP_I4RJ6e5", "record_status" : 1, "_id" : { "$oid" : "50984d13507c47a501000012" } }
{ "name" : "Developer", "page" : "profile", "action" : "del", "table" : "supplier", "id" : "PPIqzvM6TJ", "record_status" : 1, "_id" : { "$oid" : "50984d19507c47a501000013" } }
{ "name" : "Developer", "page" : "settings", "action" : "edit", "table" : "supplier", "id" : "TVtjzR56Tf", "record_status" : 1, "_id" : { "$oid" : "50984d21507c47a501000014" } }
{ "name" : "Developer", "page" : "settings", "action" : "add", "table" : "address", "id" : "TeZS058oT5", "record_status" : 1, "_id" : { "$oid" : "5098f3debd2c37e101000001" } }
{ "name" : "Developer", "page" : "settings", "action" : "edit", "table" : "address", "id" : "eVGmS58oeM", "record_status" : 1, "_id" : { "$oid" : "5098f3e6bd2c37e101000002" } }
{ "name" : "Developer", "page" : "settings", "action" : "del", "table" : "address", "id" : "ePkhSJ8oVJ", "record_status" : 1, "_id" : { "$oid" : "5098f3efbd2c37e101000003" } }
{ "name" : "Developer", "page" : "settings", "action" : "add", "table" : "contact", "id" : "Vemjqx86VJ", "record_status" : 1, "_id" : { "$oid" : "5098ffa01f31237702000001" } }
{ "name" : "Developer", "page" : "settings", "action" : "edit", "table" : "contact", "id" : "PT7nqz8oT5", "record_status" : 1, "_id" : { "$oid" : "5098ffa71f31237702000002" } }
{ "name" : "Developer", "page" : "settings", "action" : "del", "table" : "contact", "id" : "PTR_9Rh6T5", "record_status" : 1, "_id" : { "$oid" : "5098ffad1f31237702000003" } }
{ "name" : "Developer", "page" : "settings", "action" : "add", "table" : "brand", "id" : "TT_YYMznPf", "record_status" : 1, "_id" : { "$oid" : "50990d91f7e7ad1f03000005" } }
{ "name" : "Developer", "page" : "settings", "action" : "edit", "table" : "brand", "id" : "VeXOa5xoTf", "record_status" : 1, "_id" : { "$oid" : "50990d98f7e7ad1f03000006" } }
{ "name" : "Developer", "page" : "settings", "action" : "del", "table" : "brand", "id" : "Vepb-5v6eJ", "record_status" : 1, "_id" : { "$oid" : "50990da0f7e7ad1f03000007" } }
{ "name" : "Developer", "page" : "settings", "action" : "add", "table" : "uom", "id" : "VP66I5RnTM", "record_status" : 1, "_id" : { "$oid" : "50990da7f7e7ad1f03000008" } }
{ "name" : "Developer", "page" : "settings", "action" : "del", "table" : "uom", "id" : "TPJUFJxoeM", "record_status" : 1, "_id" : { "$oid" : "50990db3f7e7ad1f03000009" } }
{ "name" : "Developer", "page" : "settings", "action" : "edit", "table" : "uom", "id" : "VeKb3Mv6VJ", "record_status" : 1, "_id" : { "$oid" : "50990dbaf7e7ad1f0300000a" } }
{ "_id" : { "$oid" : "509995bbae963fbf0100000c" }, "action" : "add", "id" : "TPQ7rAatPM", "name" : "Developer", "page" : "settings", "record_status" : 1, "table" : "purchase" }
{ "_id" : { "$oid" : "509995bfae963fbf0100000d" }, "action" : "edit", "id" : "VensrAItVf", "name" : "Developer", "page" : "settings", "record_status" : 1, "table" : "purchase" }
{ "_id" : { "$oid" : "509995c4ae963fbf0100000e" }, "action" : "del", "id" : "PV6Z_d-6P5", "name" : "Developer", "page" : "settings", "record_status" : 1, "table" : "purchase" }
{ "name" : "Developer", "table" : "inventory", "page" : "settings", "action" : "add", "id" : "VP6ktiFoVf", "record_status" : 1, "_id" : { "$oid" : "5099a88cce4df5d502000002" } }
{ "_id" : { "$oid" : "509af032c8c05b2201000004" }, "action" : "del", "id" : "TVYOWF60PJ", "name" : "Developer", "page" : "order", "record_status" : 1, "table" : "shipment", "updated_on" : "Sat Nov 10 2012 18:00:50 GMT+0800 (PHT)" }
{ "_id" : { "$oid" : "509af03ec8c05b2201000005" }, "action" : "edit", "id" : "Pe1vh_60eJ", "name" : "Developer", "page" : "payment", "record_status" : 1, "table" : "shipment", "updated_on" : "Mon Nov 12 2012 15:08:43 GMT+0800 (PHT)" }
{ "_id" : { "$oid" : "509af046c8c05b2201000006" }, "action" : "add", "id" : "Vedr43oNT5", "name" : "Developer", "page" : "order", "record_status" : 1, "table" : "shipment", "updated_on" : "Sat Nov 10 2012 18:00:27 GMT+0800 (PHT)" }
{ "_id" : { "$oid" : "509c9d0ce479790104000001" }, "action" : "del", "id" : "VP2L4n1SPJ", "name" : "Developer", "page" : "address", "permission_updated_by" : "chito", "permission_updated_on" : "Mon Nov 26 2012 06:05:04 GMT+0800 (PHT)", "record_status" : 0, "table" : "customer" }
{ "_id" : { "$oid" : "50a09e556ae3046b06000001" }, "action" : "edit", "created_on" : "Mon Nov 12 2012 14:59:33 GMT+0800 (PHT)", "id" : "PV18pNGVMM", "name" : "Developer", "page" : "receiving", "record_status" : 1, "table" : "shipment", "updated_on" : "Mon Nov 12 2012 15:08:55 GMT+0800 (PHT)" }
{ "_id" : { "$oid" : "50a09e6e6ae3046b06000002" }, "action" : "edit", "created_on" : "Mon Nov 12 2012 14:59:58 GMT+0800 (PHT)", "id" : "TPg8A2BTfJ", "name" : "Developer", "page" : "order", "record_status" : 1, "table" : "shipment", "updated_on" : "Mon Nov 12 2012 15:07:44 GMT+0800 (PHT)" }
{ "name" : "Developer", "table" : "shipment", "page" : "approval", "action" : "edit", "id" : "PeQ5uU7TMJ", "created_on" : "Mon Nov 12 2012 19:25:37 GMT+0800 (PHT)", "record_status" : 1, "_id" : { "$oid" : "50a0dcb18618b1be01000001" } }
{ "name" : "Developer", "table" : "rules", "page" : "settings", "action" : "add", "id" : "VeKlE5n5f5", "created_on" : "Wed Nov 14 2012 07:35:57 GMT+0800 (PHT)", "created_by" : "chito", "record_status" : 1, "_id" : { "$oid" : "50a2d95debe6e37102000001" } }
{ "name" : "Developer", "table" : "rules", "page" : "settings", "action" : "edit", "id" : "TVb9Gf6MJ5", "created_on" : "Wed Nov 14 2012 07:36:05 GMT+0800 (PHT)", "created_by" : "chito", "record_status" : 1, "_id" : { "$oid" : "50a2d965ebe6e37102000002" } }
{ "name" : "Developer", "table" : "rules", "page" : "settings", "action" : "del", "id" : "VVH8BMnfff", "created_on" : "Wed Nov 14 2012 07:36:15 GMT+0800 (PHT)", "created_by" : "chito", "record_status" : 1, "_id" : { "$oid" : "50a2d96febe6e37102000003" } }
{ "name" : "Developer", "table" : "inventory", "page" : "info", "action" : "add", "id" : "PPKPL9tJJf", "created_on" : "Wed Nov 14 2012 07:45:25 GMT+0800 (PHT)", "created_by" : "chito", "record_status" : 1, "_id" : { "$oid" : "50a2db95ebe6e37102000005" } }
{ "name" : "Developer", "table" : "inventory", "page" : "info", "action" : "edit", "id" : "TToXcqnfMf", "created_on" : "Wed Nov 14 2012 07:45:32 GMT+0800 (PHT)", "created_by" : "chito", "record_status" : 1, "_id" : { "$oid" : "50a2db9cebe6e37102000006" } }
{ "name" : "Developer", "table" : "price", "page" : "settings", "action" : "add", "id" : "eTQ9GBdCff", "created_on" : "Fri Nov 16 2012 09:05:42 GMT+0800 (PHT)", "created_by" : "chito", "record_status" : 1, "_id" : { "$oid" : "50a5916671a1e4b301000001" } }
{ "name" : "Developer", "table" : "price", "page" : "settings", "action" : "edit", "id" : "TTSWKXwUJJ", "created_on" : "Fri Nov 16 2012 09:05:51 GMT+0800 (PHT)", "created_by" : "chito", "record_status" : 1, "_id" : { "$oid" : "50a5916f71a1e4b301000002" } }
{ "name" : "Developer", "table" : "price", "page" : "settings", "action" : "del", "id" : "ee7_BBDUMJ", "created_on" : "Fri Nov 16 2012 09:06:02 GMT+0800 (PHT)", "created_by" : "chito", "record_status" : 1, "_id" : { "$oid" : "50a5917a71a1e4b301000003" } }
{ "name" : "Developer", "table" : "ticket", "page" : "settings", "action" : "add", "id" : "eTXpi33G5f", "created_on" : "Sun Nov 18 2012 07:50:40 GMT+0800 (PHT)", "created_by" : "chito", "record_status" : 1, "_id" : { "$oid" : "50a822d009a1bfeb09000004" } }
{ "name" : "Developer", "table" : "ticket", "page" : "settings", "action" : "edit", "id" : "TVgNOr3Gf5", "created_on" : "Sun Nov 18 2012 07:50:51 GMT+0800 (PHT)", "created_by" : "chito", "record_status" : 1, "_id" : { "$oid" : "50a822db09a1bfeb09000005" } }
{ "name" : "Developer", "table" : "ticket", "page" : "settings", "action" : "del", "id" : "eevqU_FBJf", "created_on" : "Sun Nov 18 2012 07:51:01 GMT+0800 (PHT)", "created_by" : "chito", "record_status" : 1, "_id" : { "$oid" : "50a822e509a1bfeb09000006" } }
{ "name" : "Developer", "table" : "sales", "page" : "order", "action" : "add", "undefined" : null, "id" : "TPnnDGMp5f", "created_on" : "Sun Nov 18 2012 10:15:54 GMT+0800 (PHT)", "created_by" : "chito", "record_status" : 1, "_id" : { "$oid" : "50a844dab8c8601e0c000004" } }
{ "_id" : { "$oid" : "50a844e4b8c8601e0c000005" }, "action" : "edit", "created_by" : "chito", "created_on" : "Sun Nov 18 2012 10:16:04 GMT+0800 (PHT)", "id" : "eTVqHXJg55", "name" : "Developer", "page" : "order", "page_filter" : "{status:{\"$in\":['SO Draft','For SO Rectification']}}", "permission_updated_by" : "chito", "permission_updated_on" : "Wed Dec 05 2012 13:29:56 GMT+0800 (PHT)", "record_status" : 1, "table" : "sales", "undefined" : 1, "viewtype" : "View All" }
{ "_id" : { "$oid" : "50a844efb8c8601e0c000006" }, "action" : "del", "created_by" : "chito", "created_on" : "Sun Nov 18 2012 10:16:15 GMT+0800 (PHT)", "id" : "eT847KfyMf", "name" : "Developer", "page" : "order", "page_filter" : "{status:{\"$in\":['SO Draft','For SO Rectification']}}", "permission_updated_by" : "chito", "permission_updated_on" : "Wed Dec 05 2012 13:26:32 GMT+0800 (PHT)", "record_status" : 1, "table" : "sales", "undefined" : 2, "viewtype" : "View All" }
{ "name" : "Developer", "table" : "bundle", "page" : "settings", "action" : "add", "undefined" : 3, "id" : "eeIKM8Ou55", "created_on" : "Sun Nov 18 2012 12:30:07 GMT+0800 (PHT)", "created_by" : "chito", "record_status" : 1, "_id" : { "$oid" : "50a8644ffdaa104a0e000003" } }
{ "name" : "Developer", "table" : "bundle", "page" : "settings", "action" : "edit", "undefined" : 4, "id" : "eVH2MW9uMf", "created_on" : "Sun Nov 18 2012 12:30:19 GMT+0800 (PHT)", "created_by" : "chito", "record_status" : 1, "_id" : { "$oid" : "50a8645bfdaa104a0e000004" } }
{ "name" : "Developer", "table" : "bundle", "page" : "settings", "action" : "del", "undefined" : 5, "id" : "eThC9WOg5J", "created_on" : "Sun Nov 18 2012 12:30:31 GMT+0800 (PHT)", "created_by" : "chito", "record_status" : 1, "_id" : { "$oid" : "50a86467fdaa104a0e000005" } }
{ "_id" : { "$oid" : "50b16dceb51e001801000001" }, "action" : "add", "created_by" : "chito", "created_on" : "Sun Nov 25 2012 09:01:02 GMT+0800 (PHT)", "id" : "PTSCT-0k55", "name" : "Developer", "page" : "delivery", "record_status" : 0, "table" : "sales", "undefined" : null, "updated_by" : "chito", "updated_on" : "Sun Nov 25 2012 09:01:22 GMT+0800 (PHT)" }
{ "_id" : { "$oid" : "50b16dd4b51e001801000002" }, "action" : "edit", "created_by" : "chito", "created_on" : "Sun Nov 25 2012 09:01:08 GMT+0800 (PHT)", "id" : "eP58VaNkM5", "name" : "Developer", "page" : "delivery", "page_filter" : "{status:{\"$in\":['For Delivery','For DR Rectification']}}", "permission_updated_by" : "chito", "permission_updated_on" : "Wed Dec 05 2012 12:17:35 GMT+0800 (PHT)", "record_status" : 1, "table" : "sales", "undefined" : 1, "updated_by" : "chito", "updated_on" : "Sun Nov 25 2012 09:08:11 GMT+0800 (PHT)", "viewtype" : "View All" }
{ "_id" : { "$oid" : "50b2f4f209d07f8807000002" }, "action" : "add", "id" : "ePjcbO2oMf", "name" : "Developer", "page" : "profile", "permission_created_by" : "chito", "permission_created_on" : "Mon Nov 26 2012 12:49:54 GMT+0800 (PHT)", "permission_updated_by" : "chito", "permission_updated_on" : "Mon Nov 26 2012 12:51:05 GMT+0800 (PHT)", "record_status" : 0, "table" : "customer", "viewtype" : "View All" }
{ "name" : "Developer", "table" : "customer", "page" : "settings", "action" : "edit", "viewtype" : "View All", "id" : "PewUhi0off", "permission_created_on" : "Mon Nov 26 2012 12:50:08 GMT+0800 (PHT)", "permission_created_by" : "chito", "record_status" : 1, "_id" : { "$oid" : "50b2f50009d07f8807000003" } }
{ "name" : "Developer", "table" : "formula", "page" : "settings", "action" : "add", "viewtype" : "View All", "id" : "PPeRL3w055", "permission_created_on" : "Tue Nov 27 2012 08:32:09 GMT+0800 (PHT)", "permission_created_by" : "chito", "record_status" : 1, "_id" : { "$oid" : "50b40a09db72211602000002" } }
{ "name" : "Developer", "table" : "formula", "page" : "settings", "action" : "edit", "viewtype" : "View All", "id" : "TPD-c3DNMJ", "permission_created_on" : "Tue Nov 27 2012 08:32:18 GMT+0800 (PHT)", "permission_created_by" : "chito", "record_status" : 1, "_id" : { "$oid" : "50b40a12db72211602000003" } }
{ "_id" : { "$oid" : "50b5e28557f6cda102000002" }, "action" : "edit", "id" : "VVtD3ARlf5", "name" : "Developer", "page" : "invoice", "page_filter" : "{status:{\"$in\":['For SI Rectification','For Invoicing']}}", "permission_created_by" : "chito", "permission_created_on" : "Wed Nov 28 2012 18:08:05 GMT+0800 (PHT)", "permission_updated_by" : "chito", "permission_updated_on" : "Tue Dec 04 2012 07:07:15 GMT+0800 (PHT)", "record_status" : 1, "table" : "sales", "viewtype" : "View All" }
{ "name" : "Developer", "table" : "COA", "page" : "settings", "action" : "add", "viewtype" : "View All", "id" : "PVnz1txlJJ", "permission_created_on" : "Wed Nov 28 2012 18:41:01 GMT+0800 (PHT)", "permission_created_by" : "chito", "record_status" : 1, "_id" : { "$oid" : "50b5ea3d57f6cda102000005" } }
{ "name" : "Developer", "table" : "COA", "page" : "settings", "action" : "edit", "viewtype" : "View All", "id" : "eTleY6vYMJ", "permission_created_on" : "Wed Nov 28 2012 18:41:13 GMT+0800 (PHT)", "permission_created_by" : "chito", "record_status" : 1, "_id" : { "$oid" : "50b5ea4957f6cda102000006" } }
{ "name" : "Developer", "table" : "COA", "page" : "settings", "action" : "del", "viewtype" : "View All", "id" : "PedHY6vY55", "permission_created_on" : "Wed Nov 28 2012 18:41:23 GMT+0800 (PHT)", "permission_created_by" : "chito", "record_status" : 1, "_id" : { "$oid" : "50b5ea5357f6cda102000007" } }
{ "name" : "Developer", "table" : "cash", "page" : "receipt", "action" : "add", "viewtype" : "View All", "id" : "eeRb_KcYMJ", "permission_created_on" : "Wed Nov 28 2012 19:43:41 GMT+0800 (PHT)", "permission_created_by" : "chito", "record_status" : 1, "_id" : { "$oid" : "50b5f8ed57f6cda102000010" } }
{ "name" : "Developer", "table" : "cash", "page" : "receipt", "action" : "edit", "viewtype" : "View All", "id" : "TVE6VucS55", "permission_created_on" : "Wed Nov 28 2012 19:44:13 GMT+0800 (PHT)", "permission_created_by" : "chito", "record_status" : 1, "_id" : { "$oid" : "50b5f90d57f6cda102000011" } }
{ "name" : "Developer", "table" : "cash", "page" : "receipt", "action" : "del", "viewtype" : "View All", "id" : "VPTkMycSMM", "permission_created_on" : "Wed Nov 28 2012 19:44:36 GMT+0800 (PHT)", "permission_created_by" : "chito", "record_status" : 1, "_id" : { "$oid" : "50b5f92457f6cda102000012" } }
{ "name" : "Developer", "table" : "return", "page" : "merchandise", "action" : "add", "viewtype" : "View All", "id" : "TPMb4ayIMJ", "permission_created_on" : "Thu Nov 29 2012 16:50:27 GMT+0800 (PHT)", "permission_created_by" : "chito", "record_status" : 1, "_id" : { "$oid" : "50b721d38c3d6d3501000001" } }
{ "name" : "Developer", "table" : "return", "page" : "merchandise", "action" : "edit", "viewtype" : "View All", "id" : "PVKaRQyIff", "permission_created_on" : "Thu Nov 29 2012 16:51:04 GMT+0800 (PHT)", "permission_created_by" : "chito", "record_status" : 1, "_id" : { "$oid" : "50b721f88c3d6d3501000002" } }
{ "name" : "Developer", "table" : "return", "page" : "merchandise", "action" : "del", "viewtype" : "View All", "id" : "PTRwLIuQMf", "permission_created_on" : "Thu Nov 29 2012 16:51:17 GMT+0800 (PHT)", "permission_created_by" : "chito", "record_status" : 1, "_id" : { "$oid" : "50b722058c3d6d3501000003" } }
{ "name" : "Developer", "table" : "return", "page" : "sales", "action" : "edit", "viewtype" : "View All", "id" : "eTBaZgdQff", "permission_created_on" : "Thu Nov 29 2012 17:40:33 GMT+0800 (PHT)", "permission_created_by" : "chito", "record_status" : 1, "_id" : { "$oid" : "50b72d915c36006302000002" } }
{ "name" : "Developer", "table" : "voucher", "page" : "AP", "action" : "add", "viewtype" : "View All", "id" : "VexLWXHI5f", "permission_created_on" : "Thu Nov 29 2012 19:20:44 GMT+0800 (PHT)", "permission_created_by" : "chito", "record_status" : 1, "_id" : { "$oid" : "50b7450ca4279f9c03000004" } }
{ "name" : "Developer", "table" : "voucher", "page" : "AP", "action" : "edit", "viewtype" : "View All", "id" : "TTPivKjQJf", "permission_created_on" : "Thu Nov 29 2012 19:20:56 GMT+0800 (PHT)", "permission_created_by" : "chito", "record_status" : 1, "_id" : { "$oid" : "50b74518a4279f9c03000005" } }
{ "_id" : { "$oid" : "50b74525a4279f9c03000006" }, "action" : "del", "id" : "eP2kRXbQM5", "name" : "Developer", "page" : "AP", "permission_created_by" : "chito", "permission_created_on" : "Thu Nov 29 2012 19:21:09 GMT+0800 (PHT)", "permission_updated_by" : "chito", "permission_updated_on" : "Thu Nov 29 2012 19:21:37 GMT+0800 (PHT)", "record_status" : 1, "table" : "voucher", "viewtype" : "View All" }
{ "_id" : { "$oid" : "50bc2547cd71812301000001" }, "action" : "edit", "id" : "Peh3kVWfqf", "name" : "Developer", "page" : "return", "page_filter" : "{status:{\"$in\":['Consigned','Closed','For Payment','Pending','For RMR Rectification']}}", "permission_created_by" : "chito", "permission_created_on" : "Mon Dec 03 2012 12:06:31 GMT+0800 (PHT)", "permission_updated_by" : "chito", "permission_updated_on" : "Tue Dec 04 2012 07:13:33 GMT+0800 (PHT)", "record_status" : 1, "table" : "sales", "viewtype" : "View All" }
{ "_id" : { "$oid" : "50bc35bacd71812301000002" }, "action" : "edit", "id" : "eVX7_khMOM", "name" : "Developer", "page" : "memo", "page_filter" : " {status:{\"$in\":['For Credit Memo','For CM Rectification']}}", "permission_created_by" : "chito", "permission_created_on" : "Mon Dec 03 2012 13:16:42 GMT+0800 (PHT)", "permission_updated_by" : "chito", "permission_updated_on" : "Tue Dec 04 2012 07:11:38 GMT+0800 (PHT)", "record_status" : 1, "table" : "sales", "viewtype" : "View All" }
{ "_id" : { "$oid" : "50bc3c5acd71812301000003" }, "action" : "edit", "id" : "Teyn5F8JqM", "name" : "Developer", "page" : "payment", "page_filter" : "{status:{\"$in\":['For Payment','Pending']}}", "permission_created_by" : "chito", "permission_created_on" : "Mon Dec 03 2012 13:44:58 GMT+0800 (PHT)", "permission_updated_by" : "chito", "permission_updated_on" : "Tue Dec 04 2012 07:14:57 GMT+0800 (PHT)", "record_status" : 1, "table" : "sales", "viewtype" : "View All" }
{ "_id" : { "$oid" : "50bc4e17cd71812301000004" }, "action" : "add", "id" : "eVPiELx5OJ", "name" : "Developer", "page" : "order", "page_filter" : "{status:{\"$in\":['CO Draft','For CO Rectification']}}", "permission_created_by" : "chito", "permission_created_on" : "Mon Dec 03 2012 15:00:39 GMT+0800 (PHT)", "permission_updated_by" : "chito", "permission_updated_on" : "Tue Dec 04 2012 17:26:50 GMT+0800 (PHT)", "record_status" : 1, "table" : "consignment", "viewtype" : "View All" }
{ "_id" : { "$oid" : "50bc4e2dcd71812301000005" }, "action" : "edit", "id" : "eVB_mczfOJ", "name" : "Developer", "page" : "order", "page_filter" : "{}", "permission_created_by" : "chito", "permission_created_on" : "Mon Dec 03 2012 15:01:01 GMT+0800 (PHT)", "permission_updated_by" : "chito", "permission_updated_on" : "Tue Dec 04 2012 06:57:20 GMT+0800 (PHT)", "record_status" : 0, "table" : "consignment", "viewtype" : "View All" }
{ "_id" : { "$oid" : "50bc4e3acd71812301000006" }, "action" : "del", "id" : "VVK7GkvfOM", "name" : "Developer", "page" : "order", "page_filter" : "{}", "permission_created_by" : "chito", "permission_created_on" : "Mon Dec 03 2012 15:01:14 GMT+0800 (PHT)", "permission_updated_by" : "chito", "permission_updated_on" : "Tue Dec 04 2012 06:57:27 GMT+0800 (PHT)", "record_status" : 0, "table" : "consignment", "viewtype" : "View All" }
{ "_id" : { "$oid" : "50bc5493cd71812301000009" }, "action" : "edit", "id" : "PPrIU-v5q5", "name" : "Developer", "page" : "delivery", "page_filter" : "{status:{\"$in\":['For Delivery']}}", "permission_created_by" : "chito", "permission_created_on" : "Mon Dec 03 2012 15:28:19 GMT+0800 (PHT)", "permission_updated_by" : "chito", "permission_updated_on" : "Tue Dec 04 2012 17:27:30 GMT+0800 (PHT)", "record_status" : 1, "table" : "consignment", "viewtype" : "View All" }
{ "_id" : { "$oid" : "50bd1bc82c47c7f800000001" }, "action" : "add", "id" : "VPhP2cJOi5", "name" : "Developer", "page" : "payment", "page_filter" : "{}", "permission_created_by" : "chito", "permission_created_on" : "Tue Dec 04 2012 05:38:16 GMT+0800 (PHT)", "permission_updated_by" : "chito", "permission_updated_on" : "Tue Dec 04 2012 05:38:38 GMT+0800 (PHT)", "record_status" : 0, "table" : "sales", "viewtype" : "View All" }
{ "_id" : { "$oid" : "50bdc247dc584a0c01000002" }, "action" : "edit", "id" : "VenF2OW9qf", "name" : "Developer", "page" : "order", "page_filter" : "{status:{\"$in\":['CO Draft','For CO Rectification']}}", "permission_created_by" : "chito", "permission_created_on" : "Tue Dec 04 2012 17:28:39 GMT+0800 (PHT)", "permission_updated_by" : "chito", "permission_updated_on" : "Tue Dec 04 2012 17:29:26 GMT+0800 (PHT)", "record_status" : 1, "table" : "consignment", "viewtype" : "View All" }
{ "_id" : { "$oid" : "50bf9e7a30e8bf5001000001" }, "action" : "edit", "id" : "PTarD0kEi5", "name" : "Level 1 Sales", "page" : "order", "page_filter" : "{status:{\"$in\":['SO Draft','For SO Rectification']}}", "permission_created_by" : "chito", "permission_created_on" : "Thu Dec 06 2012 03:20:26 GMT+0800 (PHT)", "permission_updated_by" : "chito", "permission_updated_on" : "Thu Dec 06 2012 03:30:55 GMT+0800 (PHT)", "record_status" : 1, "table" : "sales", "viewtype" : "View All" }
{ "_id" : { "$oid" : "50bf9eb330e8bf5001000002" }, "action" : "add", "id" : "TPr9vNkU9J", "name" : "Level 1 Sales", "page" : "order", "page_filter" : "{status:{\"$in\":['SO Draft','For SO Rectification']}}", "permission_created_by" : "chito", "permission_created_on" : "Thu Dec 06 2012 03:21:23 GMT+0800 (PHT)", "permission_updated_by" : "chito", "permission_updated_on" : "Thu Dec 06 2012 03:30:41 GMT+0800 (PHT)", "record_status" : 1, "table" : "sales", "viewtype" : "View All" }
{ "_id" : { "$oid" : "50bf9ecc30e8bf5001000003" }, "action" : "del", "id" : "eeJUs0kE9f", "name" : "Level 1 Sales", "page" : "order", "page_filter" : "{}", "permission_created_by" : "chito", "permission_created_on" : "Thu Dec 06 2012 03:21:48 GMT+0800 (PHT)", "permission_updated_by" : "chito", "permission_updated_on" : "Thu Dec 06 2012 03:30:26 GMT+0800 (PHT)", "record_status" : 1, "table" : "sales", "viewtype" : "View All" }
{ "name" : "Level 1 Warehouse", "table" : "sales", "page" : "delivery", "action" : "edit", "viewtype" : "View All", "page_filter" : "{status:{\"$in\":['For Delivery','For DR Rectification']}}", "id" : "PTEAOQcmi5", "permission_created_on" : "Thu Dec 06 2012 03:32:08 GMT+0800 (PHT)", "permission_created_by" : "chito", "record_status" : 1, "_id" : { "$oid" : "50bfa13830e8bf5001000004" } }
{ "name" : "Level 1 Warehouse", "table" : "consignment", "page" : "delivery", "action" : "edit", "viewtype" : "View All", "page_filter" : "{status:{\"$in\":['For Delivery']}}", "id" : "ePXXA-sEqf", "permission_created_on" : "Thu Dec 06 2012 03:33:47 GMT+0800 (PHT)", "permission_created_by" : "chito", "record_status" : 1, "_id" : { "$oid" : "50bfa19b30e8bf5001000005" } }
{ "name" : "Level 1 Sales", "table" : "consignment", "page" : "delivery", "action" : "add", "viewtype" : "View All", "page_filter" : "{status:{\"$in\":['CO Draft','For CO Rectification']}}", "id" : "PTQOcIcCiM", "permission_created_on" : "Thu Dec 06 2012 03:35:27 GMT+0800 (PHT)", "permission_created_by" : "chito", "record_status" : 1, "_id" : { "$oid" : "50bfa1ff30e8bf5001000006" } }
{ "name" : "Level 1 Sales", "table" : "consignment", "page" : "order", "action" : "add", "viewtype" : "View All", "page_filter" : "{status:{\"$in\":['CO Draft','For CO Rectification']}}", "id" : "VVms2-cUO5", "permission_created_on" : "Thu Dec 06 2012 03:36:30 GMT+0800 (PHT)", "permission_created_by" : "chito", "record_status" : 1, "_id" : { "$oid" : "50bfa23e30e8bf5001000007" } }
{ "name" : "Level 1 Sales", "table" : "consignment", "page" : "order", "action" : "edit", "viewtype" : "View All", "page_filter" : "{status:{\"$in\":['CO Draft','For CO Rectification']}}", "id" : "eVSVaQcC9f", "permission_created_on" : "Thu Dec 06 2012 03:37:06 GMT+0800 (PHT)", "permission_created_by" : "chito", "record_status" : 1, "_id" : { "$oid" : "50bfa26230e8bf5001000008" } }
{ "name" : "Level 1 Finance", "table" : "sales", "page" : "invoice", "action" : "edit", "viewtype" : "View All", "page_filter" : "{status:{\"$in\":['For SI Rectification','For Invoicing']}}", "id" : "TeBRf3cmqJ", "permission_created_on" : "Thu Dec 06 2012 03:38:37 GMT+0800 (PHT)", "permission_created_by" : "chito", "record_status" : 1, "_id" : { "$oid" : "50bfa2bd30e8bf5001000009" } }
{ "name" : "Level 1 Finance", "table" : "sales", "page" : "payment", "action" : "edit", "viewtype" : "View All", "page_filter" : "{status:{\"$in\":['For Payment','Pending']}}", "id" : "VeaVdrsC9M", "permission_created_on" : "Thu Dec 06 2012 03:40:31 GMT+0800 (PHT)", "permission_created_by" : "chito", "record_status" : 1, "_id" : { "$oid" : "50bfa32f30e8bf500100000a" } }
