{ "_id" : { "$oid" : "50814d541256ba2d04000001" }, "elementName" : "Home", "expanded" : "false", "id" : "VPJhtxn2_", "index" : 1, "isLeaf" : "true", "level" : 0, "loaded" : "true", "parent" : "", "record_status" : 1, "url" : "/" }
{ "_id" : { "$oid" : "50814daf1256ba2d04000002" }, "elementName" : "Administration", "expanded" : "false", "id" : "TeLV_x6Nr", "index" : 2, "isLeaf" : "false", "level" : 0, "loaded" : "true", "parent" : "", "record_status" : 1, "url" : "" }
{ "_id" : { "$oid" : "50814dea1256ba2d04000003" }, "elementName" : "Users", "expanded" : "false", "id" : "eP2y5Ln0F", "index" : 2.1, "isLeaf" : "false", "level" : 1, "loaded" : "true", "parent" : "TeLV_x6Nr", "record_status" : 1, "url" : "" }
{ "_id" : { "$oid" : "50814e3b1256ba2d04000004" }, "elementName" : "Products", "expanded" : "false", "id" : "TThhXcoN_", "index" : 2.3, "isLeaf" : "false", "level" : 1, "loaded" : "true", "parent" : "TeLV_x6Nr", "record_status" : 1, "url" : "" }
{ "_id" : { "$oid" : "50814e761256ba2d04000005" }, "elementName" : "Customers", "expanded" : "false", "id" : "PPCSALt1_", "index" : 2.2, "isLeaf" : "false", "level" : 1, "loaded" : "true", "parent" : "TeLV_x6Nr", "record_status" : 1, "url" : "" }
{ "_id" : { "$oid" : "508362c7760b257504000001" }, "elementName" : "Tables", "expanded" : "false", "id" : "VVSFMHTI_", "index" : 3.2, "isLeaf" : "true", "level" : 1, "loaded" : "true", "parent" : "PVoaedDr3", "record_status" : 1, "url" : "/page/_objectSettings/settings" }
{ "_id" : { "$oid" : "508493fa28edebc602000002" }, "elementName" : "Menus", "expanded" : "false", "id" : "TTA_Zg1a3", "index" : 3.1, "isLeaf" : "true", "level" : 1, "loaded" : "true", "parent" : "PVoaedDr3", "record_status" : 1, "url" : "/page/menu/settings" }
{ "_id" : { "$oid" : "50858e5617168340880dccba" }, "record_status" : 0 }
{ "_id" : { "$oid" : "50858e6217168340880dccbb" }, "record_status" : 0 }
{ "_id" : { "$oid" : "50858e7017168340880dccbc" }, "record_status" : 0 }
{ "_id" : { "$oid" : "50858e8517168340880dccbd" }, "record_status" : 0 }
{ "_id" : { "$oid" : "5085944566067aa001000005" }, "elementName" : "Settings", "expanded" : "false", "id" : "PVoaedDr3", "index" : 3, "isLeaf" : "false", "level" : 0, "loaded" : "true", "parent" : "", "record_status" : 1, "url" : "" }
{ "_id" : { "$oid" : "508598c58a1beb4702000001" }, "elementName" : "Levels", "expanded" : "false", "id" : "TTcQY8D33", "index" : 3.4, "isLeaf" : "false", "level" : 1, "loaded" : "true", "parent" : "PVoaedDr3", "record_status" : 0, "settings_updated_by" : "chito", "settings_updated_on" : "Mon Dec 03 2012 07:01:29 GMT+0800 (PHT)", "url" : "" }
{ "_id" : { "$oid" : "5087739f007e2e9c05000001" }, "elementName" : "Permission", "expanded" : "false", "id" : "VeSdkfxeVJ", "index" : 3.4, "isLeaf" : "true", "level" : 1, "loaded" : "true", "parent" : "PVoaedDr3", "record_status" : 1, "settings_updated_by" : "chito", "settings_updated_on" : "Mon Dec 03 2012 07:02:49 GMT+0800 (PHT)", "url" : "/page/level/permission" }
{ "_id" : { "$oid" : "5087752c007e2e9c05000002" }, "elementName" : "Profile", "expanded" : "true", "id" : "PPoIvOveT5", "index" : 2.11, "isLeaf" : "true", "level" : 2, "loaded" : "true", "parent" : "eP2y5Ln0F", "record_status" : 1, "url" : "/page/users/profile" }
{ "_id" : { "$oid" : "5089fd958796a40d01000001" }, "elementName" : "Transaction", "expanded" : "false", "id" : "ePbT-jO9Vf", "index" : 4, "isLeaf" : "false", "level" : 0, "loaded" : "true", "parent" : "", "record_status" : 0, "settings_updated_by" : "chito", "settings_updated_on" : "Thu Dec 06 2012 03:09:36 GMT+0800 (PHT)", "url" : "" }
{ "_id" : { "$oid" : "5089fe528796a40d01000002" }, "elementName" : "Sales Order", "expanded" : "true", "id" : "VeZdyWOOTM", "index" : 6.1, "isLeaf" : "true", "level" : 1, "loaded" : "true", "parent" : "ePJ0sQot5J", "record_status" : 1, "settings_updated_by" : "chito", "settings_updated_on" : "Mon Nov 26 2012 12:26:45 GMT+0800 (PHT)", "updated_by" : "chito", "updated_on" : "Fri Nov 16 2012 09:11:23 GMT+0800 (PHT)", "url" : "/page/sales/order" }
{ "elementName" : "Profile", "expanded" : "true", "level" : 2, "isLeaf" : "true", "loaded" : "true", "index" : 2.21, "parent" : "PPCSALt1_", "url" : "/page/customer/profile", "id" : "PVR24DU9P5", "record_status" : 1, "_id" : { "$oid" : "508a150fc252761e03000001" } }
{ "elementName" : "Profile", "expanded" : "false", "level" : 2, "isLeaf" : "true", "loaded" : "true", "index" : 2.31, "parent" : "TThhXcoN_", "url" : "/page/product/profile", "id" : "TeYT6xm9PJ", "record_status" : 1, "_id" : { "$oid" : "508a1a169708286c03000001" } }
{ "_id" : { "$oid" : "508a1bc39708286c03000002" }, "elementName" : "Delivery Receipt", "expanded" : "true", "id" : "PTBlnkUOV5", "index" : 7.1, "isLeaf" : "true", "level" : 1, "loaded" : "true", "parent" : "VTPmyr6nf5", "record_status" : 1, "settings_updated_by" : "chito", "settings_updated_on" : "Mon Nov 26 2012 12:30:42 GMT+0800 (PHT)", "url" : "/page/sales/delivery" }
{ "_id" : { "$oid" : "508a1be79708286c03000003" }, "elementName" : "Sales Invoice", "expanded" : "true", "id" : "VeRUYLEqVJ", "index" : 6.2, "isLeaf" : "true", "level" : 1, "loaded" : "true", "parent" : "ePJ0sQot5J", "record_status" : 1, "settings_updated_by" : "chito", "settings_updated_on" : "Mon Nov 26 2012 12:27:28 GMT+0800 (PHT)", "url" : "/page/sales/invoice" }
{ "_id" : { "$oid" : "508a439f81491a3f01000006" }, "elementName" : "Routing", "expanded" : "true", "id" : "PT4dkCpqPJ", "index" : 3.3, "isLeaf" : "true", "level" : 1, "loaded" : "true", "parent" : "PVoaedDr3", "record_status" : 0, "settings_updated_by" : "chito", "settings_updated_on" : "Wed Dec 05 2012 10:53:48 GMT+0800 (PHT)", "url" : "/page/routing/settings" }
{ "_id" : { "$oid" : "508b81cc452f732001000003" }, "elementName" : "Payment", "expanded" : "true", "id" : "ePx9hLfCP5", "index" : 4.14, "isLeaf" : "true", "level" : 2, "loaded" : "true", "parent" : "eehufQM1T5", "record_status" : 0, "settings_updated_by" : "chito", "settings_updated_on" : "Thu Nov 29 2012 16:38:27 GMT+0800 (PHT)", "url" : "/page/sales/payment" }
{ "_id" : { "$oid" : "5090a79a4661193601000001" }, "elementName" : "Settings", "expanded" : "true", "id" : "PT7UqqpDVM", "index" : 2.12, "isLeaf" : "true", "level" : 2, "loaded" : "true", "parent" : "eP2y5Ln0F", "record_status" : 1, "url" : "/page/users/settings" }
{ "elementName" : "Work Info", "expanded" : "true", "level" : 2, "isLeaf" : "true", "loaded" : "true", "index" : 2.13, "parent" : "eP2y5Ln0F", "url" : "/page/users/workinfo", "id" : "VV9-D9udPf", "record_status" : 1, "_id" : { "$oid" : "5090a8114661193601000002" } }
{ "elementName" : "Setting", "expanded" : "true", "level" : 2, "isLeaf" : "true", "loaded" : "true", "index" : 2.32, "parent" : "TThhXcoN_", "url" : "/page/product/settings", "id" : "TP_ih1-7P5", "record_status" : 1, "_id" : { "$oid" : "50933833470bd4000100000c" } }
{ "_id" : { "$oid" : "509338e4470bd4000100000d" }, "elementName" : "Purchase Info", "expanded" : "true", "id" : "eTP9F1IbTJ", "index" : 2.33, "isLeaf" : "true", "level" : 2, "loaded" : "true", "parent" : "TThhXcoN_", "record_status" : 1, "url" : "/page/product_cost/settings" }
{ "_id" : { "$oid" : "5094d03b46336d4e01000001" }, "elementName" : "Supplier", "expanded" : "false", "id" : "PVrj8taheJ", "index" : 2.4, "isLeaf" : "false", "level" : 1, "loaded" : "true", "parent" : "TeLV_x6Nr", "record_status" : 1, "url" : "" }
{ "elementName" : "Profile", "expanded" : "true", "level" : 2, "isLeaf" : "true", "loaded" : "true", "index" : 2.41, "parent" : "PVrj8taheJ", "url" : "/page/supplier/profile", "id" : "ePen-nI4e5", "record_status" : 1, "_id" : { "$oid" : "5094d0d946336d4e01000002" } }
{ "elementName" : "Settings", "expanded" : "true", "level" : 2, "isLeaf" : "true", "loaded" : "true", "index" : 2.42, "parent" : "PVrj8taheJ", "url" : "/page/supplier/settings", "id" : "TPCV51I4VJ", "record_status" : 1, "_id" : { "$oid" : "5094d11546336d4e01000003" } }
{ "elementName" : "Settings", "expanded" : "true", "level" : 2, "isLeaf" : "true", "loaded" : "true", "index" : 2.22, "parent" : "PPCSALt1_", "url" : "/page/customer/settings", "id" : "VPXFn27sPJ", "record_status" : 1, "_id" : { "$oid" : "5097522d8f641e5a0500001e" } }
{ "_id" : { "$oid" : "509752c98f641e5a0500001f" }, "elementName" : "Address", "expanded" : "true", "id" : "TVOJqZbLVM", "index" : 2.23, "isLeaf" : "true", "level" : 2, "loaded" : "true", "parent" : "PPCSALt1_", "record_status" : 0, "updated_by" : "chito", "updated_on" : "Sun Nov 18 2012 11:17:31 GMT+0800 (PHT)", "url" : "/page/customer/address" }
{ "_id" : { "$oid" : "509752ee8f641e5a05000020" }, "elementName" : "Contact", "expanded" : "true", "id" : "VTO8mlHLPf", "index" : 2.24, "isLeaf" : "true", "level" : 2, "loaded" : "true", "parent" : "PPCSALt1_", "record_status" : 0, "updated_by" : "chito", "updated_on" : "Sun Nov 18 2012 11:17:39 GMT+0800 (PHT)", "url" : "/page/contact/settings" }
{ "_id" : { "$oid" : "5097535e8f641e5a05000021" }, "elementName" : "Discount", "expanded" : "true", "id" : "eVYZbYbcVM", "index" : 2.37, "isLeaf" : "true", "level" : 2, "loaded" : "true", "parent" : "TThhXcoN_", "record_status" : 1, "settings_updated_by" : "chito", "settings_updated_on" : "Mon Nov 26 2012 08:47:50 GMT+0800 (PHT)", "url" : "/page/discount/settings" }
{ "_id" : { "$oid" : "50984dfc507c47a501000017" }, "elementName" : "Inventory", "expanded" : "false", "id" : "eT5fis5tVM", "index" : 5, "isLeaf" : "false", "level" : 0, "loaded" : "true", "parent" : "", "record_status" : 1, "url" : "/page/inventory/info" }
{ "_id" : { "$oid" : "50984e4f507c47a501000018" }, "elementName" : "Price Info", "expanded" : "true", "id" : "TT7Xyk5tV5", "index" : 2.34, "isLeaf" : "true", "level" : 2, "loaded" : "true", "parent" : "TThhXcoN_", "record_status" : 1, "updated_by" : "chito", "updated_on" : "Fri Nov 16 2012 09:04:48 GMT+0800 (PHT)", "url" : "/page/price/settings" }
{ "elementName" : "Unit of Selling", "expanded" : "true", "level" : 2, "isLeaf" : "true", "loaded" : "true", "index" : 2.36, "parent" : "TThhXcoN_", "url" : "/page/uom/settings", "id" : "VVXANSJneJ", "record_status" : 1, "_id" : { "$oid" : "509853d2507c47a501000022" } }
{ "elementName" : "Brand", "expanded" : "true", "level" : 2, "isLeaf" : "true", "loaded" : "true", "index" : 2.43, "parent" : "PVrj8taheJ", "url" : "/page/brand/settings", "id" : "eTj33ZftVJ", "record_status" : 1, "_id" : { "$oid" : "5098542d507c47a501000023" } }
{ "_id" : { "$oid" : "5099edea1d63694206000001" }, "elementName" : "Sales", "expanded" : "false", "id" : "eehufQM1T5", "index" : 4.1, "isLeaf" : "false", "level" : 1, "loaded" : "true", "parent" : "ePbT-jO9Vf", "record_status" : 0, "settings_updated_by" : "chito", "settings_updated_on" : "Thu Nov 29 2012 16:37:50 GMT+0800 (PHT)", "url" : "" }
{ "_id" : { "$oid" : "5099f0391d63694206000002" }, "elementName" : "Shipment", "expanded" : "false", "id" : "Pe0dWFJ0PJ", "index" : 4, "isLeaf" : "false", "level" : 0, "loaded" : "true", "parent" : "", "record_status" : 1, "settings_updated_by" : "chito", "settings_updated_on" : "Thu Dec 06 2012 03:10:08 GMT+0800 (PHT)", "url" : "" }
{ "_id" : { "$oid" : "5099f0c91d63694206000003" }, "elementName" : "Order", "expanded" : "true", "id" : "TTJMIrf2Vf", "index" : 4.1, "isLeaf" : "true", "level" : 1, "loaded" : "true", "parent" : "Pe0dWFJ0PJ", "record_status" : 1, "settings_updated_by" : "chito", "settings_updated_on" : "Thu Dec 06 2012 03:08:15 GMT+0800 (PHT)", "url" : "/page/shipment/order" }
{ "_id" : { "$oid" : "5099f2df1d63694206000004" }, "elementName" : "Payment", "expanded" : "true", "id" : "eTwI9MO0eJ", "index" : 4.2, "isLeaf" : "true", "level" : 1, "loaded" : "true", "parent" : "Pe0dWFJ0PJ", "record_status" : 1, "settings_updated_by" : "chito", "settings_updated_on" : "Thu Dec 06 2012 03:08:26 GMT+0800 (PHT)", "url" : "/page/shipment/payment" }
{ "_id" : { "$oid" : "5099f4521d63694206000005" }, "elementName" : "Adjustment", "expanded" : "true", "id" : "PPQDf9O1PJ", "index" : 5.2, "isLeaf" : "true", "level" : 1, "loaded" : "true", "parent" : "eT5fis5tVM", "record_status" : 1, "url" : "/page/adjustment/info" }
{ "_id" : { "$oid" : "5099f4fc1d63694206000006" }, "elementName" : "Order", "expanded" : "false", "id" : "PehP4qqNTM", "index" : 9.1, "isLeaf" : "true", "level" : 1, "loaded" : "true", "parent" : "PP6rR6a6JM", "record_status" : 1, "settings_updated_by" : "chito", "settings_updated_on" : "Mon Nov 26 2012 17:35:10 GMT+0800 (PHT)", "updated_by" : "chito", "updated_on" : "Sat Nov 17 2012 12:28:52 GMT+0800 (PHT)", "url" : "/page/consignment/order" }
{ "_id" : { "$oid" : "509daa904105f67403000001" }, "elementName" : "Receiving", "expanded" : "true", "id" : "VPMY3Eb-e5", "index" : 4.3, "isLeaf" : "true", "level" : 1, "loaded" : "true", "parent" : "Pe0dWFJ0PJ", "record_status" : 1, "settings_updated_by" : "chito", "settings_updated_on" : "Thu Dec 06 2012 03:08:49 GMT+0800 (PHT)", "url" : "/page/shipment/receiving" }
{ "_id" : { "$oid" : "50a0dc68b5dad7b1b18de078" }, "created_on" : "Mon Nov 12 2012 19:24:24 GMT+0800 (PHT)", "elementName" : "Approval", "expanded" : "true", "id" : "TVMX9UjP5J", "index" : 4.4, "isLeaf" : "true", "level" : 1, "loaded" : "true", "parent" : "Pe0dWFJ0PJ", "record_status" : 0, "settings_updated_by" : "chito", "settings_updated_on" : "Thu Dec 06 2012 03:09:06 GMT+0800 (PHT)", "updated_on" : "Mon Nov 12 2012 19:24:49 GMT+0800 (PHT)", "url" : "/page/shipment/approval" }
{ "_id" : { "$oid" : "50a18c49b9c20fe420ad8f67" }, "created_on" : "Tue Nov 13 2012 07:54:49 GMT+0800 (PHT)", "elementName" : "Rules", "expanded" : "false", "id" : "VVM5J5IVff", "index" : 3.5, "isLeaf" : "true", "level" : 1, "loaded" : "true", "parent" : "PVoaedDr3", "record_status" : 1, "updated_by" : "chito", "url" : "/page/rules/settings" }
{ "_id" : { "$oid" : "50a2dab20ab527f19571b36b" }, "created_on" : "Wed Nov 14 2012 07:41:38 GMT+0800 (PHT)", "elementName" : "Inventory", "expanded" : "true", "id" : "VTBqJOofJ5", "index" : 5.1, "isLeaf" : "true", "level" : 1, "loaded" : "true", "parent" : "eT5fis5tVM", "record_status" : 1, "updated_by" : "chito", "updated_on" : "Wed Nov 14 2012 07:41:57 GMT+0800 (PHT)", "url" : "/page/inventory/info" }
{ "_id" : { "$oid" : "50a8223409a1bfeb09000003" }, "created_by" : "chito", "created_on" : "Sun Nov 18 2012 07:48:04 GMT+0800 (PHT)", "elementName" : "Ticket", "expanded" : "true", "id" : "TTPX2I_GMM", "index" : 3.6, "isLeaf" : "true", "level" : 1, "loaded" : "true", "parent" : "PVoaedDr3", "record_status" : 1, "updated_by" : "chito", "updated_on" : "Wed Nov 21 2012 06:17:14 GMT+0800 (PHT)", "url" : "/page/ticket/settings" }
{ "elementName" : "Bundle", "expanded" : "true", "level" : 2, "isLeaf" : "true", "loaded" : "true", "index" : 2.35, "parent" : "TThhXcoN_", "url" : "/page/bundle/settings", "undefined" : null, "id" : "eVEgMA9yM5", "created_on" : "Sun Nov 18 2012 12:16:29 GMT+0800 (PHT)", "created_by" : "chito", "record_status" : 1, "_id" : { "$oid" : "50a8611dfdaa104a0e000001" } }
{ "_id" : { "$oid" : "50b2eedb5171286006000001" }, "elementName" : "Sales", "expanded" : "false", "id" : "ePJ0sQot5J", "index" : 6, "isLeaf" : "false", "level" : 0, "loaded" : "false", "parent" : "", "record_status" : 1, "settings_created_by" : "chito", "settings_created_on" : "Mon Nov 26 2012 12:23:55 GMT+0800 (PHT)", "settings_updated_by" : "chito", "settings_updated_on" : "Mon Nov 26 2012 12:24:53 GMT+0800 (PHT)", "url" : "" }
{ "elementName" : "Warehouse", "expanded" : "false", "level" : 0, "isLeaf" : "false", "loaded" : "false", "index" : 7, "parent" : "", "url" : "", "id" : "VTPmyr6nf5", "settings_created_on" : "Mon Nov 26 2012 12:28:22 GMT+0800 (PHT)", "settings_created_by" : "chito", "record_status" : 1, "_id" : { "$oid" : "50b2efe65171286006000002" } }
{ "elementName" : "Finance", "expanded" : "false", "level" : 0, "isLeaf" : "false", "loaded" : "false", "index" : 8, "parent" : "", "url" : "", "id" : "VeYBTV2o5M", "settings_created_on" : "Mon Nov 26 2012 12:33:06 GMT+0800 (PHT)", "settings_created_by" : "chito", "record_status" : 1, "_id" : { "$oid" : "50b2f1025171286006000003" } }
{ "elementName" : "Consignment", "expanded" : "false", "level" : 0, "isLeaf" : "false", "loaded" : "false", "index" : 9, "parent" : "", "url" : "", "id" : "PP6rR6a6JM", "settings_created_on" : "Mon Nov 26 2012 17:30:47 GMT+0800 (PHT)", "settings_created_by" : "chito", "record_status" : 1, "_id" : { "$oid" : "50b336c71c042bf200000001" } }
{ "_id" : { "$oid" : "50b337650c6170dd19a0f157" }, "elementName" : "Delivery", "expanded" : "true", "id" : "TVxqe1Q6fJ", "index" : 9.199999999999999, "isLeaf" : "true", "level" : 1, "loaded" : "true", "parent" : "PP6rR6a6JM", "record_status" : 1, "settings_created_by" : "chito", "settings_created_on" : "Mon Nov 26 2012 17:33:25 GMT+0800 (PHT)", "settings_updated_by" : "chito", "settings_updated_on" : "Mon Nov 26 2012 17:36:12 GMT+0800 (PHT)", "url" : "/page/consignment/delivery" }
{ "_id" : { "$oid" : "50b407cf70d61485a17e3f2c" }, "elementName" : "Computation", "expanded" : "true", "id" : "TesKBIA0ff", "index" : 3.7, "isLeaf" : "true", "level" : 1, "loaded" : "true", "parent" : "PVoaedDr3", "record_status" : 1, "settings_created_by" : "chito", "settings_created_on" : "Tue Nov 27 2012 08:22:39 GMT+0800 (PHT)", "settings_updated_by" : "chito", "url" : "/page/formula/settings" }
{ "_id" : { "$oid" : "50b445931c19581506000001" }, "elementName" : "Sample Only", "expanded" : "true", "id" : "VTw3lXz0fM", "index" : 20, "isLeaf" : "true", "level" : 0, "loaded" : "true", "parent" : "", "record_status" : 0, "settings_created_by" : "chito", "settings_created_on" : "Tue Nov 27 2012 12:46:11 GMT+0800 (PHT)", "settings_updated_by" : "chito", "settings_updated_on" : "Fri Nov 30 2012 11:37:36 GMT+0800 (PHT)", "url" : "/page/product/profile" }
{ "_id" : { "$oid" : "50b5e6af57f6cda102000004" }, "elementName" : "Chart of Account", "expanded" : "true", "id" : "ePkevRzl5f", "index" : 8.1, "isLeaf" : "true", "level" : 1, "loaded" : "true", "parent" : "VeYBTV2o5M", "record_status" : 1, "settings_created_by" : "chito", "settings_created_on" : "Wed Nov 28 2012 18:25:51 GMT+0800 (PHT)", "settings_updated_by" : "chito", "settings_updated_on" : "Wed Nov 28 2012 18:26:33 GMT+0800 (PHT)", "url" : "/page/COA/settings" }
{ "_id" : { "$oid" : "50b5f80557f6cda10200000f" }, "elementName" : "Cash Receipt - Trade", "expanded" : "true", "id" : "VeEADKkZff", "index" : 8.199999999999999, "isLeaf" : "true", "level" : 1, "loaded" : "true", "parent" : "VeYBTV2o5M", "record_status" : 1, "settings_created_by" : "chito", "settings_created_on" : "Wed Nov 28 2012 19:39:49 GMT+0800 (PHT)", "settings_updated_by" : "chito", "settings_updated_on" : "Mon Dec 03 2012 12:35:05 GMT+0800 (PHT)", "url" : "/page/sales/payment" }
{ "_id" : { "$oid" : "50b71f85304f1ff500000001" }, "elementName" : "Return Merchandise Receipt", "expanded" : "true", "id" : "Te7AJZgQJ5", "index" : 7.2, "isLeaf" : "true", "level" : 1, "loaded" : "true", "parent" : "VTPmyr6nf5", "record_status" : 1, "settings_created_by" : "chito", "settings_created_on" : "Thu Nov 29 2012 16:40:37 GMT+0800 (PHT)", "settings_updated_by" : "chito", "settings_updated_on" : "Mon Dec 03 2012 11:39:34 GMT+0800 (PHT)", "url" : "/page/sales/return" }
{ "_id" : { "$oid" : "50b72ab002db1a3cc6e78826" }, "elementName" : "Credit Memo", "expanded" : "true", "id" : "eV9JfGd-f5", "index" : 6.3, "isLeaf" : "true", "level" : 1, "loaded" : "true", "parent" : "ePJ0sQot5J", "record_status" : 1, "settings_created_by" : "chito", "settings_created_on" : "Thu Nov 29 2012 17:28:16 GMT+0800 (PHT)", "settings_updated_by" : "chito", "settings_updated_on" : "Mon Dec 03 2012 11:40:01 GMT+0800 (PHT)", "url" : "/page/sales/memo" }
{ "_id" : { "$oid" : "50b73e6c02db1a3cc6e7884c" }, "elementName" : "Cash Receipt - Non Trade", "expanded" : "true", "id" : "TTebDPjIJf", "index" : 8.300000000000001, "isLeaf" : "true", "level" : 1, "loaded" : "true", "parent" : "VeYBTV2o5M", "record_status" : 1, "settings_created_by" : "chito", "settings_created_on" : "Thu Nov 29 2012 18:52:28 GMT+0800 (PHT)", "settings_updated_by" : "chito", "settings_updated_on" : "Mon Dec 03 2012 12:42:45 GMT+0800 (PHT)", "url" : "/page/purchase/payment" }
{ "_id" : { "$oid" : "50b73eef02db1a3cc6e7884d" }, "elementName" : "AP Voucher", "expanded" : "true", "id" : "eVFWoT7QJf", "index" : 8.4, "isLeaf" : "true", "level" : 1, "loaded" : "true", "parent" : "VeYBTV2o5M", "record_status" : 1, "settings_created_by" : "chito", "settings_created_on" : "Thu Nov 29 2012 18:54:39 GMT+0800 (PHT)", "settings_updated_by" : "chito", "url" : "/page/voucher/AP" }
{ "_id" : { "$oid" : "50b73eff02db1a3cc6e7884e" }, "elementName" : "Check Voucher", "expanded" : "true", "id" : "PVsO2VHI5M", "index" : 8.5, "isLeaf" : "true", "level" : 1, "loaded" : "true", "parent" : "VeYBTV2o5M", "record_status" : 1, "settings_created_by" : "chito", "settings_created_on" : "Thu Nov 29 2012 18:54:55 GMT+0800 (PHT)", "settings_updated_by" : "chito", "url" : "/page/voucher/check" }
