{ "_id" : { "$oid" : "50a2da2bebe6e37102000004" }, "action" : "edit", "addhistorycols" : "supplier,refno", "created_by" : "chito", "created_on" : "Wed Nov 14 2012 07:39:23 GMT+0800 (PHT)", "decrement" : "false", "dstcond" : "code,location,condition", "dstfield" : "stocks", "dsttable" : "inventory", "field" : "confirm", "id" : "Veba6M6MMf", "increment" : "true", "page" : "order", "record_status" : 0, "settings_updated_by" : "chito", "settings_updated_on" : "Wed Dec 05 2012 08:26:49 GMT+0800 (PHT)", "srcfield" : "quantity", "srctable" : "shipment", "table" : "shipment", "updated_by" : "chito", "updated_on" : "Wed Nov 21 2012 06:18:05 GMT+0800 (PHT)" }
{ "_id" : { "$oid" : "50a2dfeb0ab527f19571b36c" }, "shipment_detail" : { "$" : { "cols" : { "_id" : 0 }, "condition" : "Good", "confirm" : "No", "filter" : { "table" : "shipment", "page" : "approval", "record_status" : 1 }, "id" : "TTdfZmje5f", "notes" : "undefined", "quantity" : 10, "sort" : { "order" : 1 }, "updated_by" : "chito", "updated_on" : "Wed Nov 14 2012 09:06:19 GMT+0800 (PHT)" }, "id" : "TTdfZmje5f" } }
{ "_id" : { "$oid" : "50a7257f94abc4b904000001" }, "action" : "del", "addhistorycols" : "supplier,refno", "created_by" : "chito", "created_on" : "Sat Nov 17 2012 13:49:51 GMT+0800 (PHT)", "decrement" : "false", "dstcond" : "code,location,condition", "dstfield" : "stocks", "dsttable" : "inventory", "field" : "confirm", "id" : "PPn9ZTDBMf", "increment" : "true", "page" : "order", "record_status" : 0, "settings_updated_by" : "chito", "settings_updated_on" : "Wed Dec 05 2012 08:26:49 GMT+0800 (PHT)", "srcfield" : "quantity", "srctable" : "shipment", "table" : "shipment", "updated_by" : "chito", "updated_on" : "Sun Nov 18 2012 11:47:09 GMT+0800 (PHT)" }
{ "_id" : { "$oid" : "50a77d78d9c85efd08000001" }, "action" : "edit", "addhistorycols" : "supplier,refno", "created_by" : "chito", "created_on" : "Sat Nov 17 2012 20:05:12 GMT+0800 (PHT)", "decrement" : "false", "dstcond" : "code,location,condition", "dstfield" : "stocks", "dsttable" : "inventory", "field" : "confirm", "id" : "eehI27xBfM", "increment" : "true", "page" : "approval", "record_status" : 0, "settings_updated_by" : "chito", "settings_updated_on" : "Wed Dec 05 2012 08:26:49 GMT+0800 (PHT)", "srcfield" : "quantity", "srctable" : "shipment", "table" : "shipment", "updated_by" : "chito", "updated_on" : "Sun Nov 18 2012 11:46:59 GMT+0800 (PHT)" }
{ "_id" : { "$oid" : "50a94707fb4c58443eea17a7" }, "id" : "VVO9Oregff", "shipment_detail" : [ { "product" : "sample 1", "code" : "P0001", "description" : "sample 1", "quantity" : 12, "uom" : "Sample 2", "filter" : { "table" : "shipment", "page" : "order", "action" : "add", "record_status" : 1 }, "cols" : { "_id" : 0 }, "sort" : {}, "id" : "VeabNpog55", "created_on" : "Mon Nov 19 2012 04:37:27 GMT+0800 (PHT)", "created_by" : "chito" }, { "product" : "sample 1", "code" : "P0001", "description" : "sample 1", "quantity" : 12, "uom" : "Sample 2", "filter" : { "table" : "shipment", "page" : "order", "action" : "add", "record_status" : 1 }, "cols" : { "_id" : 0 }, "sort" : {}, "id" : "eTBl1gtgMM", "created_on" : "Mon Nov 19 2012 04:37:36 GMT+0800 (PHT)", "created_by" : "chito" }, { "product" : "sample 1", "code" : "P0001", "description" : "sample 1", "quantity" : 12, "uom" : "Sample 2", "filter" : { "table" : "shipment", "page" : "order", "action" : "add", "record_status" : 1 }, "cols" : { "_id" : 0 }, "sort" : {}, "id" : "PPOTTdoy5M", "created_on" : "Mon Nov 19 2012 04:38:57 GMT+0800 (PHT)", "created_by" : "chito" }, { "product" : "sample 1", "code" : "P0001", "description" : "sample 1", "quantity" : 12, "uom" : "Sample 2", "filter" : { "table" : "shipment", "page" : "order", "action" : "add", "record_status" : 1 }, "cols" : { "_id" : 0 }, "sort" : {}, "id" : "eVkT7Dtp55", "created_on" : "Mon Nov 19 2012 04:41:57 GMT+0800 (PHT)", "created_by" : "chito" }, { "product" : "sample 1", "code" : "P0001", "description" : "sample 1", "quantity" : 12, "uom" : "Sample 2", "filter" : { "table" : "shipment", "page" : "order", "action" : "add", "record_status" : 1 }, "cols" : { "_id" : 0 }, "sort" : {}, "id" : "eVb_8DogJJ", "created_on" : "Mon Nov 19 2012 04:42:47 GMT+0800 (PHT)", "created_by" : "chito" }, { "product" : "sample 1", "code" : "P0001", "description" : "sample 1", "quantity" : 12, "uom" : "Sample 2", "filter" : { "table" : "shipment", "page" : "order", "action" : "add", "record_status" : 1 }, "cols" : { "_id" : 0 }, "sort" : {}, "id" : "eVEkldtpJf", "created_on" : "Mon Nov 19 2012 04:44:46 GMT+0800 (PHT)", "created_by" : "chito" }, { "product" : "sample 1", "code" : "P0001", "description" : "sample 1", "quantity" : 12, "uom" : "Sample 2", "filter" : { "table" : "shipment", "page" : "order", "action" : "add", "record_status" : 1 }, "cols" : { "_id" : 0 }, "sort" : {}, "id" : "eehRmHtpff", "created_on" : "Mon Nov 19 2012 04:47:19 GMT+0800 (PHT)", "created_by" : "chito" }, { "product" : "sample 1", "code" : "P0001", "description" : "sample 1", "quantity" : 12, "uom" : "Sample 2", "filter" : { "table" : "shipment", "page" : "order", "action" : "add", "record_status" : 1 }, "cols" : { "_id" : 0 }, "sort" : {}, "id" : "PT2NpbnpMJ", "created_on" : "Mon Nov 19 2012 04:48:15 GMT+0800 (PHT)", "created_by" : "chito" }, { "product" : "sample 1", "code" : "P0001", "description" : "sample 1", "quantity" : 12, "uom" : "Sample 2", "filter" : { "table" : "shipment", "page" : "order", "action" : "add", "record_status" : 1 }, "cols" : { "_id" : 0 }, "sort" : {}, "id" : "PTUr2Hou55", "created_on" : "Mon Nov 19 2012 04:51:18 GMT+0800 (PHT)", "created_by" : "chito" }, { "product" : "sample 1", "code" : "P0001", "description" : "sample 1", "quantity" : 12, "uom" : "Sample 2", "filter" : { "table" : "shipment", "page" : "order", "action" : "add", "record_status" : 1 }, "cols" : { "_id" : 0 }, "sort" : {}, "id" : "TenjmW6y55", "created_on" : "Mon Nov 19 2012 04:54:05 GMT+0800 (PHT)", "created_by" : "chito" }, { "product" : "sample 1", "code" : "P0001", "description" : "sample 1", "quantity" : 12, "uom" : "Sample 2", "filter" : { "table" : "shipment", "page" : "order", "action" : "add", "record_status" : 1 }, "cols" : { "_id" : 0 }, "sort" : {}, "id" : "PTPe7RtpJM", "created_on" : "Mon Nov 19 2012 05:02:25 GMT+0800 (PHT)", "created_by" : "chito" }, { "product" : "sample 1", "code" : "P0001", "description" : "sample 1", "quantity" : 12, "uom" : "Sample 2", "filter" : { "table" : "shipment", "page" : "order", "action" : "add", "record_status" : 1 }, "cols" : { "_id" : 0 }, "sort" : {}, "id" : "TT7aoRogff", "created_on" : "Mon Nov 19 2012 05:04:31 GMT+0800 (PHT)", "created_by" : "chito" }, { "product" : "sample2", "code" : 121, "description" : "sample2", "quantity" : 12, "uom" : "Sample 1", "id" : "eeEySO2pMJ", "created_on" : "Mon Nov 19 2012 06:06:33 GMT+0800 (PHT)", "created_by" : "chito" }, { "product" : "sample 1", "code" : 121, "description" : "sample2", "quantity" : 12, "uom" : "Sample 1", "id" : "ePoQUm1u5J", "created_on" : "Mon Nov 19 2012 06:09:22 GMT+0800 (PHT)", "created_by" : "chito" }, { "product" : "sample2", "code" : 121, "description" : "sample2", "quantity" : 12, "uom" : "Sample 1", "id" : "TeG88E0y5J", "created_on" : "Mon Nov 19 2012 06:11:20 GMT+0800 (PHT)", "created_by" : "chito" } ] }
{ "_id" : { "$oid" : "50bd36612c47c7f800000005" }, "action" : "edit", "addhistorycols" : "customer,drno", "decrement" : "true", "dstcond" : "code,location,condition", "dstfield" : "stocks", "dsttable" : "inventory", "field" : "delconfirm", "id" : "VefeAo9qqM", "increment" : "false", "page" : "delivery", "record_status" : 0, "settings_created_by" : "chito", "settings_created_on" : "Tue Dec 04 2012 07:31:45 GMT+0800 (PHT)", "settings_updated_by" : "chito", "settings_updated_on" : "Wed Dec 05 2012 08:26:49 GMT+0800 (PHT)", "srcfield" : "quantity", "srctable" : "sales", "table" : "sales" }
{ "table" : "sales", "page" : "delivery", "status" : "status", "sipsv" : "For DR Rectification", "sinsv" : "For SO Rectification", "sopsv" : "For Delivery", "sonsv" : "For Invoicing", "subgridname" : "order_details", "id" : "TPwPtxqmif", "settings_created_on" : "Wed Dec 05 2012 12:27:52 GMT+0800 (PHT)", "settings_created_by" : "chito", "record_status" : 1, "_id" : { "$oid" : "50becd4889b17a0403000002" } }
{ "table" : "consignment", "page" : "delivery", "status" : "status", "sipsv" : "For CDR Rectification", "sinsv" : "For CO Rectification", "sopsv" : "For Delivery", "sonsv" : "Consigned", "subgridname" : "order_details", "id" : "Tec9B56Ei5", "settings_created_on" : "Thu Dec 06 2012 03:53:22 GMT+0800 (PHT)", "settings_created_by" : "chito", "record_status" : 1, "_id" : { "$oid" : "50bfa63230e8bf500100000b" } }
