{ "name" : "Sales Order", "table" : "sales", "page" : "order", "field" : "sono", "prefix" : "SO", "counter" : 1000000027, "id" : "VPLc667H5J", "created_on" : "Wed Nov 21 2012 08:16:24 GMT+0800 (PHT)", "created_by" : "chito", "record_status" : 1, "_id" : { "$oid" : "50ac1d58dd5d266403000007" } }
{ "name" : "Customer No", "table" : "customer", "page" : "profile", "field" : "custno", "prefix" : "CL-", "counter" : 1000000011, "undefined" : null, "id" : "eTFoTFjb5f", "created_on" : "Wed Nov 21 2012 08:39:03 GMT+0800 (PHT)", "created_by" : "chito", "record_status" : 1, "_id" : { "$oid" : "50ac22a71b89058e03000003" } }
{ "_id" : { "$oid" : "50ac22a7e14352e9a5b86573" }, "counter" : 2, "page" : "settings", "table" : "ticket" }
{ "_id" : { "$oid" : "50afe66a9f601391ea399b77" }, "counter" : 10, "page" : "settings", "table" : "_objectSettings" }
{ "_id" : { "$oid" : "50b16dce11d7b1399e65fdc5" }, "counter" : 28, "page" : "permission", "table" : "level" }
{ "name" : "Delivery Receipt", "table" : "sales", "page" : "delivery", "field" : "drno", "prefix" : "DR", "counter" : 1000000013, "undefined" : 1, "id" : "TVhiv9ZsfJ", "created_on" : "Sun Nov 25 2012 09:32:08 GMT+0800 (PHT)", "created_by" : "chito", "record_status" : 1, "_id" : { "$oid" : "50b175187cbe353c02000001" } }
{ "name" : "Supplier No.", "table" : "supplier", "page" : "profile", "field" : "supno", "prefix" : "", "counter" : 1000000006, "id" : "ePdVcyx0Mf", "settings_created_on" : "Tue Nov 27 2012 12:51:20 GMT+0800 (PHT)", "settings_created_by" : "chito", "record_status" : 1, "_id" : { "$oid" : "50b446c81c19581506000003" } }
{ "name" : "Sales Invoice", "table" : "sales", "page" : "invoice", "field" : "ssino", "prefix" : "SI", "counter" : 1000000013, "id" : "TPOXd8zS55", "settings_created_on" : "Wed Nov 28 2012 18:17:50 GMT+0800 (PHT)", "settings_created_by" : "chito", "record_status" : 1, "_id" : { "$oid" : "50b5e4ce57f6cda102000003" } }
{ "_id" : { "$oid" : "50b5ead957f6cda102000008" }, "counter" : 1000000000, "field" : "account_code", "id" : "VP6LiNvlJ5", "name" : "Account Code", "page" : "settings", "prefix" : "AC", "record_status" : 0, "settings_created_by" : "chito", "settings_created_on" : "Wed Nov 28 2012 18:43:37 GMT+0800 (PHT)", "settings_updated_by" : "chito", "settings_updated_on" : "Wed Nov 28 2012 18:44:32 GMT+0800 (PHT)", "table" : "COA" }
{ "name" : "RMR No.", "table" : "return", "page" : "merchandise", "field" : "rmrno", "prefix" : "RMR", "counter" : 1000000002, "id" : "PVTJ3VA-Mf", "settings_created_on" : "Thu Nov 29 2012 17:06:56 GMT+0800 (PHT)", "settings_created_by" : "chito", "record_status" : 1, "_id" : { "$oid" : "50b725b08c3d6d3501000004" } }
{ "name" : "Sales Return", "table" : "return", "page" : "sales", "field" : "srno", "prefix" : "SR", "counter" : 1000000002, "id" : "VTd8NpDaJf", "settings_created_on" : "Thu Nov 29 2012 17:39:58 GMT+0800 (PHT)", "settings_created_by" : "chito", "record_status" : 1, "_id" : { "$oid" : "50b72d6e5c36006302000001" } }
{ "name" : "Voucher No.", "table" : "voucher", "page" : "AP", "field" : "vno", "prefix" : "VD", "counter" : 1000000001, "id" : "PenpLq7-JJ", "settings_created_on" : "Thu Nov 29 2012 19:07:48 GMT+0800 (PHT)", "settings_created_by" : "chito", "record_status" : 1, "_id" : { "$oid" : "50b74204a4279f9c03000003" } }
{ "name" : "Consignment No.", "table" : "consignment", "page" : "order", "field" : "cono", "prefix" : "CO", "counter" : 1000000002, "id" : "TVAFdcx5qJ", "settings_created_on" : "Mon Dec 03 2012 15:02:18 GMT+0800 (PHT)", "settings_created_by" : "chito", "record_status" : 1, "_id" : { "$oid" : "50bc4e7acd71812301000007" } }
{ "name" : "Consignment Delivery Receipt", "table" : "consignment", "page" : "delivery", "field" : "cdrno", "prefix" : "CDR", "counter" : 1000000001, "id" : "VPgb7Uh9qM", "settings_created_on" : "Tue Dec 04 2012 17:33:07 GMT+0800 (PHT)", "settings_created_by" : "chito", "record_status" : 1, "_id" : { "$oid" : "50bdc353dc584a0c01000003" } }
