{ "_id" : { "$oid" : "507f9244b8584a5f6e716e18" }, "activation_code" : "0000000000", "active" : "", "created_on" : "", "email" : "admin@beautylane.com.ph", "empNo" : 1, "empno" : 111, "fname" : "Beautylane", "forgot_password_code" : "0000000000", "id" : "VVeO5_z6r", "immediate" : "Beautylane Administrator", "ip_address" : "127.0.0.1", "last_login" : "Thu Dec 06 2012 05:58:27 GMT+0800 (PHT)", "level" : "Developer", "lname" : "Administrator", "mname" : "Chito", "mobile" : 9297700514, "password" : "chito123", "phone" : 1234567, "photo" : "/uploads/users/photo/VVeO5_z6r/IMG_0272.JPG", "record_status" : 1, "remember_code" : "0000000000", "salt" : "0000000000", "status" : "Active", "undefined_updated_by" : "", "undefined_updated_on" : "Thu Dec 06 2012 05:58:27 GMT+0800 (PHT)", "updated_by" : "", "updated_on" : "Sun Nov 25 2012 09:42:06 GMT+0800 (PHT)", "username" : "chito" }
{ "_id" : { "$oid" : "5085edb2b0471d8203000001" }, "record_status" : 0 }
{ "_id" : { "$oid" : "5085f5dddb8ccb2604000001" }, "record_status" : 0 }
{ "_id" : { "$oid" : "508626e1d8916e5d06000001" }, "record_status" : 0 }
{ "_id" : { "$oid" : "50960c1c6d4d655105000001" }, "record_status" : 0 }
{ "_id" : { "$oid" : "50960cc86d4d655105000002" }, "record_status" : 0 }
{ "_id" : { "$oid" : "50960ea26d4d655105000003" }, "record_status" : 0 }
{ "_id" : { "$oid" : "50960f81820d3abb05000001" }, "record_status" : 0 }
{ "_id" : { "$oid" : "50960f81c639fd69650c4c7b" }, "record_status" : 0 }
{ "_id" : { "$oid" : "50960fec820d3abb05000002" }, "record_status" : 0 }
{ "_id" : { "$oid" : "50960fecc639fd69650c4c7c" }, "record_status" : 0 }
{ "_id" : { "$oid" : "50961243a9894beb05000001" }, "record_status" : 0 }
{ "_id" : { "$oid" : "50961247c639fd69650c4c7d" }, "record_status" : 0 }
{ "_id" : { "$oid" : "5096139f54dac60206000001" }, "record_status" : 0 }
{ "_id" : { "$oid" : "50961439c639fd69650c4c7e" }, "record_status" : 0 }
{ "_id" : { "$oid" : "5096147128cf261506000001" }, "record_status" : 0 }
{ "_id" : { "$oid" : "509614b2c639fd69650c4c7f" }, "record_status" : 0 }
{ "_id" : { "$oid" : "509614fb9875012206000001" }, "record_status" : 0 }
{ "_id" : { "$oid" : "50983e036a4ed31401000001" }, "designation" : "Sales Executive", "email" : "sample@yahoo.com", "empno" : 111, "fname" : "sample", "id" : "VP4pqPMteJ", "immediate" : "Beautylane Administrator", "last_login" : "Tue Nov 06 2012 06:55:19 GMT+0800 (PHT)", "level" : "Developer", "lname" : "sample", "mname" : "sample", "password" : "sample", "phone" : 1212221, "photo" : "/uploads/users/photo/VP4pqPMteJ/IMG_0239.JPG", "record_status" : 1, "status" : "Inactive", "updated_by" : "chito", "updated_on" : "Sat Nov 24 2012 07:24:21 GMT+0800 (PHT)", "username" : "sample" }
